Date,Last Price,Scaled Price
2005-12-30,2205.32,208.31436263165352
2005-12-29,2218.16,209.5272280734898
2005-12-28,2228.94,210.5455060690502
2005-12-27,2226.89,210.35186322202804
2005-12-23,2249.42,212.48004534076418
2005-12-22,2246.49,212.20327775941055
2005-12-21,2231.66,210.80243706607467
2005-12-20,2222.42,209.9296273555944
2005-12-19,2222.74,209.95985453171485
2005-12-16,2252.48,212.76909271241675
2005-12-15,2260.63,213.5389411042365
2005-12-14,2262.59,213.72408255797478
2005-12-13,2265.0,213.9517309781325
2005-12-12,2260.95,213.56916828035702
2005-12-09,2256.73,213.17054739526756
2005-12-08,2246.46,212.20044396164926
2005-12-07,2252.01,212.72469654748974
2005-12-06,2260.76,213.5512208945355
2005-12-05,2257.64,213.2565059273603
2005-12-02,2273.37,214.74236055353515
2005-12-01,2267.17,214.15670901619984
2005-11-30,2232.82,210.91201057951164
2005-11-29,2232.71,210.90161998772018
2005-11-28,2239.37,211.5307230907287
2005-11-25,2263.01,213.76375572663298
2005-11-23,2259.98,213.47754215274168
2005-11-22,2253.56,212.87110943182356
2005-11-21,2241.67,211.74798091909506
2005-11-18,2227.07,210.36886600859583
2005-11-17,2220.46,209.7444859018561
2005-11-16,2187.93,206.6717045293534
2005-11-15,2186.74,206.55929721815517
2005-11-14,2200.95,207.90157275775746
2005-11-11,2202.47,208.04515184432998
2005-11-10,2196.68,207.49822887639917
2005-11-09,2175.81,205.52685023378828
2005-11-08,2172.07,205.17357011287962
2005-11-07,2178.24,205.75638785245354
2005-11-04,2169.43,204.92419590988519
2005-11-03,2160.22,204.05421999716617
2005-11-02,2144.31,202.55136258442352
2005-11-01,2114.05,199.69300524252586
2005-10-31,2120.3,200.28337977612995
2005-10-28,2089.88,197.409908846172
2005-10-27,2063.81,194.9473385916025
2005-10-26,2100.05,198.37056628725261
2005-10-25,2109.45,199.2584895857932
2005-10-24,2115.83,199.8611439096963
2005-10-21,2082.21,196.68540121853303
2005-10-20,2068.11,195.35351627072214
2005-10-19,2091.24,197.53837434468423
2005-10-18,2056.0,194.2096065744108
2005-10-17,2070.3,195.56038350729702
2005-10-14,2064.83,195.04368771548667
2005-10-13,2047.22,193.38024842960374
2005-10-12,2037.47,192.4592641571813
2005-10-11,2061.09,194.690407594578
2005-10-10,2078.92,196.37462806404383
2005-10-07,2090.35,197.45430501109902
2005-10-06,2084.08,196.86204127898736
2005-10-05,2103.02,198.6511122656213
2005-10-04,2139.36,202.08378595380907
2005-10-03,2155.43,203.60175695461197
2005-09-30,2151.69,203.24847683370328
2005-09-29,2141.22,202.25948141500965
2005-09-28,2115.4,199.82052614178434
2005-09-27,2116.42,199.91687526566852
2005-09-26,2121.46,200.3929532895669
2005-09-23,2116.84,199.95654843432672
2005-09-22,2110.78,199.3841212865442
2005-09-21,2106.64,198.9930571954848
2005-09-20,2131.33,201.32527275303448
2005-09-19,2145.26,202.6410995135314
2005-09-16,2160.35,204.06649978746515
2005-09-15,2146.15,202.7251688471166
2005-09-14,2149.33,203.02555140981434
2005-09-13,2171.75,205.14334293675907
2005-09-12,2182.83,206.18995890993244
2005-09-09,2175.51,205.4985122561753
2005-09-08,2166.03,204.60303216360458
2005-09-07,2172.03,205.16979171586453
2005-09-06,2166.86,204.6814339016672
2005-09-02,2141.07,202.24531242620318
2005-09-01,2147.9,202.89047371652575
2005-08-31,2152.09,203.28626080385396
2005-08-30,2129.76,201.17697067019319
2005-08-29,2137.65,201.922259481415
2005-08-26,2120.77,200.32777594105698
2005-08-25,2134.37,201.61243092617954
2005-08-24,2128.91,201.09667973362298
2005-08-23,2137.25,201.88447551126433
2005-08-22,2141.41,202.27742880083125
2005-08-19,2135.56,201.72483823737778
2005-08-18,2136.08,201.77395739857366
2005-08-17,2145.15,202.63070892173994
2005-08-16,2137.06,201.86652812544276
2005-08-15,2167.04,204.698436688235
2005-08-12,2156.9,203.74061304491568
2005-08-11,2174.55,205.40783072781372
2005-08-10,2157.81,203.82657157700845
2005-08-09,2174.19,205.37382515467812
2005-08-08,2164.39,204.44811788598685
2005-08-05,2177.91,205.72521607707927
2005-08-04,2191.32,206.99192367638028
2005-08-03,2216.81,209.39970717423134
2005-08-02,2218.15,209.52628347423604
2005-08-01,2195.38,207.37543097340955
2005-07-29,2184.83,206.37887876068578
2005-07-28,2198.44,207.66447834506207
2005-07-27,2186.22,206.5101780569593
2005-07-26,2175.99,205.54385302035607
2005-07-25,2166.74,204.67009871062197
2005-07-22,2179.74,205.89807774051854
2005-07-21,2178.6,205.79039342558917
2005-07-20,2188.57,206.73215888159447
2005-07-19,2173.18,205.27842063004766
2005-07-18,2144.87,202.60426014263447
2005-07-15,2156.78,203.72927785387049
2005-07-14,2152.82,203.35521654937892
2005-07-13,2144.11,202.53247059934822
2005-07-12,2143.15,202.44178907098666
2005-07-11,2135.43,201.71255844707878
2005-07-08,2112.88,199.58248712983516
2005-07-07,2075.66,196.0666887073159
2005-07-06,2068.65,195.40452463042553
2005-07-05,2078.75,196.35856987672977
2005-07-01,2057.37,194.33901667217683
2005-06-30,2056.96,194.30028810277238
2005-06-29,2068.89,195.4271950125159
2005-06-28,2069.89,195.52165493789258
2005-06-27,2045.2,193.1894393803429
2005-06-24,2053.27,193.95173097813253
2005-06-23,2070.66,195.59438908043262
2005-06-22,2092.03,197.61299768573184
2005-06-21,2091.07,197.52231615737023
2005-06-20,2088.13,197.24460397676285
2005-06-17,2090.11,197.43163462900864
2005-06-16,2089.15,197.34095310064703
2005-06-15,2074.92,195.9967883625372
2005-06-14,2069.04,195.44136400132243
2005-06-13,2068.96,195.4338072072923
2005-06-10,2063.0,194.8708260520474
2005-06-09,2076.91,196.1847636140367
2005-06-08,2060.18,194.60444906248523
2005-06-07,2067.16,195.2637793416143
2005-06-06,2075.76,196.07613469985358
2005-06-03,2071.43,195.6671232229726
2005-06-02,2097.8,198.15803145515517
2005-06-01,2087.86,197.21909979691114
2005-05-31,2068.22,195.36390686251355
2005-05-27,2075.73,196.07330090209229
2005-05-26,2071.24,195.64917583715103
2005-05-25,2050.12,193.65418221319604
2005-05-24,2061.62,194.7404713550276
2005-05-23,2056.65,194.27100552590562
2005-05-20,2046.42,193.3046804893024
2005-05-19,2042.58,192.94195437585603
2005-05-18,2030.65,191.81504746611247
2005-05-17,2004.15,189.31185944363102
2005-05-16,1994.43,188.3937089689699
2005-05-13,1976.78,186.72649128607185
2005-05-12,1963.88,185.50795824871298
2005-05-11,1971.55,186.23246587635194
2005-05-10,1962.77,185.40310773154488
2005-05-09,1979.67,186.99948047041042
2005-05-06,1967.35,185.83573418976997
2005-05-05,1961.8,185.3114816039295
2005-05-04,1962.23,185.35209937184146
2005-05-03,1933.07,182.59764794785812
2005-05-02,1928.65,182.18013507769328
2005-04-29,1921.65,181.51891560005666
2005-04-28,1904.18,179.86870070372643
2005-04-27,1930.43,182.34827374486372
2005-04-26,1927.44,182.06583856798753
2005-04-25,1950.78,184.27053322627873
2005-04-22,1932.19,182.51452321352667
2005-04-21,1962.41,185.3691021584093
2005-04-20,1913.76,180.7736267888348
2005-04-19,1932.36,182.53058140084067
2005-04-18,1912.92,180.69428045151844
2005-04-15,1908.15,180.24370660747178
2005-04-14,1946.71,183.88608132999573
2005-04-13,1974.37,186.49884286591413
2005-04-12,2005.4,189.42993435035186
2005-04-11,1992.12,188.1755065413498
2005-04-08,1999.35,188.85845180182307
2005-04-07,2018.79,190.6947527511453
2005-04-06,1999.14,188.83861521749395
2005-04-05,1999.32,188.85561800406177
2005-04-04,1991.07,188.0763236197043
2005-04-01,1984.81,187.48500448684644
2005-03-31,1999.23,188.84711661077787
2005-03-30,2005.67,189.45543853020354
2005-03-29,1973.88,186.45255750247958
2005-03-28,1992.52,188.21329051150047
2005-03-24,1991.06,188.07537902045055
2005-03-23,1990.22,187.99603268313416
2005-03-22,1989.34,187.91290794880268
2005-03-21,2007.51,189.6292447928966
2005-03-18,2007.79,189.65569357200204
2005-03-17,2016.42,190.47088272800264
2005-03-16,2015.75,190.40759457800027
2005-03-15,2034.98,192.22405894299342
2005-03-14,2051.04,193.74108534454254
2005-03-11,2041.6,192.8493836489869
2005-03-10,2059.72,194.56099749681195
2005-03-09,2061.29,194.7092995796533
2005-03-08,2073.55,195.86737826477116
2005-03-07,2090.21,197.4410806215463
2005-03-04,2070.61,195.58966608416378
2005-03-03,2058.4,194.43631039531476
2005-03-02,2067.5,195.29589571624237
2005-03-01,2071.25,195.65012043640485
2005-02-28,2051.72,193.80531809379866
2005-02-25,2065.4,195.09752987295138
2005-02-24,2051.7,193.80342889529115
2005-02-23,2031.25,191.8717234213385
2005-02-22,2030.32,191.78387569073817
2005-02-18,2058.62,194.45709157889763
2005-02-17,2061.34,194.71402257592217
2005-02-16,2087.43,197.17848202899916
2005-02-15,2089.21,197.34662069616965
2005-02-14,2082.91,196.75152316629666
2005-02-11,2076.66,196.16114863269254
2005-02-10,2053.1,193.93567279081847
2005-02-09,2052.55,193.88371983186133
2005-02-08,2086.68,197.10763708496668
2005-02-07,2082.03,196.66839843196524
2005-02-04,2086.66,197.10574788645914
2005-02-03,2057.64,194.36452085202848
2005-02-02,2075.06,196.01001275208992
2005-02-01,2068.7,195.40924762669434
2005-01-31,2062.41,194.81509469607516
2005-01-28,2035.83,192.30434987956357
2005-01-27,2047.15,193.37363623482736
2005-01-26,2046.09,193.2735087139281
2005-01-25,2019.95,190.80432626458224
2005-01-24,2008.7,189.7416521040948
2005-01-21,2034.27,192.15699239597598
2005-01-20,2045.88,193.253672129599
2005-01-19,2073.59,195.87115666178622
2005-01-18,2106.04,198.9363812402588
2005-01-14,2087.91,197.22382279317995
2005-01-13,2070.56,195.58494308789494
2005-01-12,2092.53,197.66022764842015
2005-01-11,2079.62,196.44075001180747
2005-01-10,2097.04,198.08624191186888
2005-01-07,2088.61,197.28994474094367
2005-01-06,2090.0,197.42124403721718
2005-01-05,2091.24,197.53837434468423
2005-01-04,2107.86,199.10829830444433
2005-01-03,2152.15,203.29192839937656
2004-12-31,2175.44,205.49190006139892
2004-12-30,2178.34,205.76583384499125
2004-12-29,2177.0,205.63925754498652
2004-12-28,2177.19,205.6572049308081
2004-12-27,2154.22,203.48746044490622
2004-12-23,2160.62,204.09200396731686
2004-12-22,2157.03,203.75289283521468
2004-12-21,2150.91,203.17479809190945
2004-12-20,2127.85,200.9965522127237
2004-12-17,2135.2,201.69083266424215
2004-12-16,2146.15,202.7251688471166
2004-12-15,2162.55,204.2743116232938
2004-12-14,2159.84,204.01832522552309
2004-12-13,2148.5,202.94714967175173
2004-12-10,2128.07,201.0173333963066
2004-12-09,2129.01,201.10612572616068
2004-12-08,2126.11,200.83219194256836
2004-12-07,2114.66,199.7506257970056
2004-12-06,2151.25,203.20691446653757
2004-12-03,2147.96,202.89614131204834
2004-12-02,2143.57,202.48146223964483
2004-12-01,2138.23,201.97704623813343
2004-11-30,2096.81,198.06451612903226
2004-11-29,2106.87,199.01478297832142
2004-11-26,2101.97,198.5519293439758
2004-11-24,2102.54,198.6057715014405
2004-11-23,2084.28,196.88093326406272
2004-11-22,2085.19,196.96689179615547
2004-11-19,2070.63,195.59155528267132
2004-11-18,2104.28,198.7701317715959
2004-11-17,2099.68,198.33561611486323
2004-11-16,2078.62,196.3462900864308
2004-11-15,2094.09,197.80758513200774
2004-11-12,2085.34,196.98106078496198
2004-11-11,2061.27,194.7074103811458
2004-11-10,2034.56,192.1843857743352
2004-11-09,2043.33,193.0127993198885
2004-11-08,2039.25,192.62740282435175
2004-11-05,2038.94,192.59812024748499
2004-11-04,2023.63,191.15193878996834
2004-11-03,2004.33,189.32886223019884
2004-11-02,1984.79,187.4831152883389
2004-11-01,1979.87,187.01837245548575
2004-10-29,1974.99,186.55740801964765
2004-10-28,1975.74,186.62825296368015
2004-10-27,1969.99,186.08510839276434
2004-10-26,1928.79,182.19335946724598
2004-10-25,1914.04,180.8000755679403
2004-10-22,1915.14,180.90398148585462
2004-10-21,1953.62,184.53879941434843
2004-10-20,1932.97,182.58820195532044
2004-10-19,1922.9,181.6369905067775
2004-10-18,1936.52,182.9235346904076
2004-10-15,1911.5,180.56014735748357
2004-10-14,1903.02,179.7591271902895
2004-10-13,1920.53,181.4131204836348
2004-10-12,1925.17,181.8514145373825
2004-10-11,1928.76,182.1905256694847
2004-10-08,1919.97,181.3602229254239
2004-10-07,1948.52,184.0570537949275
2004-10-06,1971.03,186.1833467151561
2004-10-05,1955.5,184.71638407405658
2004-10-04,1952.4,184.42355830538892
2004-10-01,1942.2,183.460067066547
2004-09-30,1896.84,179.17536485146175
2004-09-29,1893.94,178.90143106786945
2004-09-28,1869.87,176.62778066405323
2004-09-27,1859.88,175.68412600954045
2004-09-24,1879.48,177.53554054692296
2004-09-23,1886.43,178.19203702829074
2004-09-22,1885.71,178.12402588201954
2004-09-21,1921.18,181.47451943512965
2004-09-20,1908.07,180.2361498134416
2004-09-17,1910.09,180.4269588627025
2004-09-16,1904.08,179.85925471118875
2004-09-15,1896.52,179.1451376753412
2004-09-14,1915.4,180.92854106645257
2004-09-13,1910.38,180.4543522410617
2004-09-10,1894.31,178.93638124025878
2004-09-09,1869.65,176.6069994804704
2004-09-08,1850.64,174.81131629906014
2004-09-07,1858.56,175.55943890804323
2004-09-03,1844.48,174.22944315873988
2004-09-02,1873.43,176.96405799839417
2004-09-01,1850.41,174.78959051622348
2004-08-31,1838.1,173.6267888348368
2004-08-30,1836.49,173.47470835498038
2004-08-27,1862.09,175.89288244462284
2004-08-26,1852.92,175.0266849289189
2004-08-25,1860.72,175.76347234685684
2004-08-24,1836.89,173.51249232513106
2004-08-23,1838.7,173.6834647900628
2004-08-20,1838.02,173.61923204080668
2004-08-19,1819.89,171.90667359372787
2004-08-18,1831.37,172.99107353705188
2004-08-17,1795.25,169.57918103244697
2004-08-16,1782.84,168.40693335852262
2004-08-13,1757.22,165.98687007037262
2004-08-12,1752.49,165.54007462334104
2004-08-11,1782.42,168.36726018986442
2004-08-10,1808.7,170.84966702876304
2004-08-09,1774.64,167.63236197043403
2004-08-06,1776.89,167.8448968025315
2004-08-05,1821.63,172.07103386388326
2004-08-04,1855.06,175.22882916922492
2004-08-03,1859.42,175.64067444386717
2004-08-02,1892.09,178.7266802059226
2004-07-30,1887.36,178.279884758891
2004-07-29,1881.06,177.68478722901807
2004-07-28,1858.26,175.53110093043026
2004-07-27,1869.1,176.55504652151322
2004-07-26,1839.02,173.71369196618335
2004-07-23,1849.09,174.66490341472627
2004-07-22,1889.06,178.44046663203136
2004-07-21,1874.37,177.0528503282482
2004-07-20,1917.07,181.08628914183157
2004-07-19,1883.83,177.9464412223114
2004-07-16,1883.15,177.8822084730553
2004-07-15,1912.71,180.67444386718932
2004-07-14,1914.88,180.8794219052567
2004-07-13,1931.66,182.46445945307704
2004-07-12,1936.92,182.96131866055825
2004-07-09,1946.33,183.8501865583526
2004-07-08,1935.32,182.81018277995557
2004-07-07,1966.08,185.71577008454162
2004-07-06,1963.43,185.4654512822935
2004-07-02,2006.66,189.54895385632645
2004-07-01,2015.55,190.38870259292494
2004-06-30,2047.79,193.43409058706843
2004-06-29,2034.93,192.2193359467246
2004-06-28,2019.82,190.79204647428327
2004-06-25,2025.47,191.3257450526614
2004-06-24,2015.57,190.39059179143248
2004-06-23,2020.98,190.90161998772018
2004-06-22,1994.15,188.36726018986445
2004-06-21,1974.38,186.49978746516788
2004-06-18,1986.73,187.66636754356963
2004-06-17,1983.67,187.37732017191706
2004-06-16,1998.23,188.7526566854012
2004-06-15,1995.6,188.5042270816606
2004-06-14,1969.99,186.08510839276434
2004-06-10,1999.87,188.9075709630189
2004-06-09,1990.61,188.03287205403106
2004-06-08,2023.53,191.14249279743066
2004-06-07,2020.62,190.8676144145846
2004-06-04,1978.62,186.9002975487649
2004-06-03,1960.26,185.16601331884945
2004-06-02,1988.98,187.8789023756671
2004-06-01,1990.77,188.04798564209133
2004-05-28,1986.74,187.6673121428234
2004-05-27,1984.5,187.45572190997967
2004-05-26,1976.15,186.6669815330846
2004-05-25,1964.65,185.58069239125302
2004-05-24,1922.98,181.6445473008076
2004-05-21,1912.09,180.6158787134558
2004-05-20,1896.59,179.15174987011758
2004-05-19,1898.17,179.30099655221272
2004-05-18,1897.82,179.26793557833088
2004-05-17,1876.64,177.26727435885326
2004-05-14,1904.25,179.8753128985028
2004-05-13,1926.03,181.93265007320642
2004-05-12,1925.59,181.8910877060407
2004-05-11,1931.35,182.43517687621025
2004-05-10,1896.07,179.1026307089217
2004-05-07,1917.96,181.17035847541678
2004-05-06,1937.74,183.0387757993671
2004-05-05,1957.26,184.88263354271947
2004-05-04,1950.48,184.24219524866575
2004-05-03,1938.72,183.13134652623623
2004-04-30,1920.15,181.37722571199168
2004-04-29,1958.78,185.026212629292
2004-04-28,1989.54,187.93179993387804
2004-04-27,2032.53,191.9926321258206
2004-04-26,2036.77,192.39314220941765
2004-04-23,2049.77,193.62112123931422
2004-04-22,2032.91,192.02852689746373
2004-04-21,1995.63,188.5070608794219
2004-04-20,1978.63,186.9012421480187
2004-04-19,2020.43,190.84966702876304
2004-04-16,1995.74,188.51745147121332
2004-04-15,2002.17,189.12482879138523
2004-04-14,2024.85,191.26717989892785
2004-04-13,2030.08,191.7612053086478
2004-04-12,2065.48,195.10508666698152
2004-04-08,2052.88,193.91489160723563
2004-04-07,2050.24,193.6655174042412
2004-04-06,2059.9,194.57800028337977
2004-04-05,2079.12,196.39352004911913
2004-04-02,2057.17,194.3201246871015
2004-04-01,2015.01,190.33769423322153
2004-03-31,1994.22,188.3738723846408
2004-03-30,2000.63,188.9793605063052
2004-03-29,1992.57,188.21801350776929
2004-03-26,1960.02,185.14334293675907
2004-03-25,1967.17,185.81873140320218
2004-03-24,1909.48,180.36933830822272
2004-03-23,1901.8,179.64388608132998
2004-03-22,1909.9,180.40901147688092
2004-03-19,1940.47,183.2966513956454
2004-03-18,1962.44,185.37193595617057
2004-03-17,1976.76,186.72460208756434
2004-03-16,1943.09,183.54413640013223
2004-03-15,1939.2,183.17668729041702
2004-03-12,1984.73,187.47744769281633
2004-03-11,1943.89,183.61970434043354
2004-03-10,1964.15,185.5334624285647
2004-03-09,1995.16,188.46266471449488
2004-03-08,2008.78,189.74920889812495
2004-03-05,2047.63,193.41897699900815
2004-03-04,2055.11,194.12553724082557
2004-03-03,2033.36,192.07103386388323
2004-03-02,2039.65,192.66518679450243
2004-03-01,2057.8,194.37963444008878
2004-02-27,2029.82,191.73664572804984
2004-02-26,2032.57,191.99641052283567
2004-02-25,2022.98,191.09053983847352
2004-02-24,2005.44,189.4337127473669
2004-02-23,2007.52,189.63018939215038
2004-02-20,2037.93,192.5027157228546
2004-02-19,2045.96,193.26122892362915
2004-02-18,2076.47,196.14320124687097
2004-02-17,2080.35,196.50970575733243
2004-02-13,2053.56,193.97912435649175
2004-02-12,2073.61,195.87304586029376
2004-02-11,2089.66,197.38912766258912
2004-02-10,2075.33,196.0355169319416
2004-02-09,2060.57,194.64128843338213
2004-02-06,2064.01,194.96623057667784
2004-02-05,2019.56,190.76748689368532
2004-02-04,2014.14,190.25551409814386
2004-02-03,2066.21,195.17404241250648
2004-02-02,2063.15,194.8849950408539
2004-01-30,2066.15,195.16837481698389
2004-01-29,2068.23,195.36485146176733
2004-01-28,2077.37,196.22821517971
2004-01-27,2116.04,199.88098049402538
2004-01-26,2153.83,203.45062107400932
2004-01-23,2123.87,200.6206017097246
2004-01-22,2119.01,200.16152647239406
2004-01-21,2142.45,202.37566712322294
2004-01-20,2147.98,202.89803051055588
2004-01-16,2140.46,202.18769187172342
2004-01-15,2109.08,199.22353941340384
2004-01-14,2111.13,199.41718226042602
2004-01-13,2096.44,198.02956595664287
2004-01-12,2111.78,199.47858121192084
2004-01-09,2086.92,197.1303074670571
2004-01-08,2100.25,198.38945827232794
2004-01-07,2077.68,196.25749775657675
2004-01-06,2057.37,194.33901667217683
2004-01-05,2047.36,193.39347281915644
2004-01-02,2006.68,189.550843054834
2003-12-31,2003.37,189.23818070183722
2003-12-30,2009.88,189.8531148160393
2003-12-29,2006.48,189.53195106975863
2003-12-26,1973.14,186.38265715770083
2003-12-24,1969.23,186.01331884947808
2003-12-23,1974.78,186.53757143531854
2003-12-22,1955.8,184.74472205166956
2003-12-19,1951.02,184.29320360836914
2003-12-18,1956.18,184.7806168233127
2003-12-17,1921.33,181.48868842393614
2003-12-16,1924.29,181.76828980305103
2003-12-15,1918.26,181.19869645302978
2003-12-12,1949.0,184.1023945591083
2003-12-11,1942.32,183.4714022575922
2003-12-10,1904.65,179.91309686865347
2003-12-09,1908.32,180.25976479478578
2003-12-08,1948.85,184.08822557030177
2003-12-05,1937.82,183.0463325933972
2003-12-04,1968.8,185.97270108156613
2003-12-03,1960.25,185.1650687195957
2003-12-02,1980.07,187.03726444056107
2003-12-01,1989.82,187.9582487129835
2003-11-28,1960.26,185.16601331884945
2003-11-26,1953.31,184.50951683748167
2003-11-25,1943.04,183.5394134038634
2003-11-24,1947.14,183.92669909790771
2003-11-21,1893.88,178.89576347234686
2003-11-20,1881.92,177.766022764842
2003-11-19,1899.65,179.44079724177018
2003-11-18,1881.75,177.74996457752798
2003-11-17,1909.61,180.38161809852167
2003-11-14,1930.26,182.33221555754972
2003-11-13,1967.35,185.83573418976997
2003-11-12,1973.11,186.37982335993954
2003-11-11,1930.75,182.37850092098427
2003-11-10,1941.64,183.4071695083361
2003-11-07,1970.74,186.15595333679684
2003-11-06,1976.37,186.68776271666744
2003-11-05,1959.37,185.08194398526422
2003-11-04,1957.96,184.94875549048317
2003-11-03,1967.7,185.8687951636518
2003-10-31,1932.21,182.51641241203419
2003-10-30,1932.69,182.56175317621498
2003-10-29,1936.56,182.92731308742265
2003-10-28,1932.26,182.52113540830302
2003-10-27,1882.91,177.85953809096492
2003-10-24,1865.59,176.22349218344115
2003-10-23,1885.51,178.1051338969442
2003-10-22,1898.07,179.29155055967502
2003-10-21,1940.9,183.33726916355735
2003-10-20,1925.14,181.8485807396212
2003-10-17,1912.36,180.64138289330748
2003-10-16,1950.14,184.2100788740377
2003-10-15,1939.1,183.16724129787934
2003-10-14,1943.19,183.5535823926699
2003-10-13,1933.53,182.64109951353134
2003-10-10,1915.31,180.92003967316862
2003-10-09,1911.9,180.59793132763423
2003-10-08,1893.78,178.88631747980918
2003-10-07,1907.85,180.21536862985877
2003-10-06,1893.46,178.85609030368866
2003-10-03,1880.57,177.6385018655835
2003-10-02,1836.22,173.44920417512867
2003-10-01,1832.25,173.07419827138335
2003-09-30,1786.94,168.79421905256692
2003-09-29,1824.56,172.34780144523685
2003-09-26,1792.07,169.27879846974918
2003-09-25,1817.24,171.65635479147969
2003-09-24,1843.7,174.15576441694608
2003-09-23,1901.72,179.63632928729984
2003-09-22,1874.62,177.07646530959238
2003-09-19,1905.7,180.01227979029895
2003-09-18,1909.55,180.37595050299907
2003-09-17,1883.1,177.87748547678646
2003-09-16,1887.25,178.2694941670996
2003-09-15,1845.7,174.34468426769942
2003-09-12,1855.03,175.22599537146363
2003-09-11,1846.09,174.3815236385963
2003-09-10,1823.81,172.27695650120432
2003-09-09,1873.43,176.96405799839417
2003-09-08,1888.62,178.3989042648656
2003-09-05,1858.24,175.52921173192271
2003-09-04,1868.97,176.54276673121427
2003-09-03,1852.9,175.02479573041137
2003-09-02,1841.48,173.9460633826099
2003-08-29,1810.45,171.01497189817218
2003-08-28,1800.18,170.0448684645539
2003-08-27,1782.13,168.3398668115052
2003-08-26,1770.65,167.25546686818114
2003-08-25,1764.31,166.65659094129316
2003-08-22,1765.32,166.75199546592356
2003-08-21,1777.55,167.90724035328012
2003-08-20,1760.54,166.30047702262314
2003-08-19,1761.11,166.35431918008783
2003-08-18,1739.49,164.31209559344447
2003-08-15,1702.01,160.7717375903273
2003-08-14,1700.34,160.61398951494826
2003-08-13,1686.61,159.31705473952672
2003-08-12,1687.01,159.3548387096774
2003-08-11,1661.51,156.9461106125726
2003-08-08,1644.03,155.2949511169886
2003-08-07,1652.18,156.0647995088084
2003-08-06,1652.68,156.11202947149673
2003-08-05,1673.5,158.07868511783875
2003-08-04,1714.06,161.90997969111604
2003-08-01,1715.62,162.0573371747036
2003-07-31,1735.02,163.8898597270108
2003-07-30,1720.91,162.55703017994617
2003-07-29,1731.37,163.545080999386
2003-07-28,1735.36,163.92197610163885
2003-07-25,1730.7,163.48179284938365
2003-07-24,1701.42,160.71600623435506
2003-07-23,1719.18,162.39361450904454
2003-07-22,1706.1,161.15807868511783
2003-07-21,1681.41,158.8258631275681
2003-07-18,1708.5,161.3847825060218
2003-07-17,1698.02,160.39484248807443
2003-07-16,1747.97,165.11311576063855
2003-07-15,1753.21,165.60808576961225
2003-07-14,1754.82,165.76016624946863
2003-07-11,1733.93,163.78689840835025
2003-07-10,1715.86,162.08000755679402
2003-07-09,1747.46,165.06494119869643
2003-07-08,1746.46,164.9704812733198
2003-07-07,1720.71,162.5381381948708
2003-07-03,1663.46,157.1303074670571
2003-07-02,1678.73,158.57271052755868
2003-07-01,1640.13,154.92655740801965
2003-06-30,1622.8,153.28956690124213
2003-06-27,1625.26,153.5219383176687
2003-06-26,1634.01,154.34846266471448
2003-06-25,1602.66,151.38714400415623
2003-06-24,1605.61,151.66580078401736
2003-06-23,1610.75,152.15132480045338
2003-06-20,1644.72,155.3601284654985
2003-06-19,1648.64,155.730411372975
2003-06-18,1677.14,158.4225192462098
2003-06-17,1668.44,157.60071789543287
2003-06-16,1666.58,157.42502243423226
2003-06-13,1626.49,153.638124025882
2003-06-12,1653.62,156.20082180135074
2003-06-11,1646.02,155.48292636848814
2003-06-10,1627.67,153.74958673782646
2003-06-09,1603.97,151.51088650639966
2003-06-06,1627.42,153.7259717564823
2003-06-05,1646.01,155.48198176923438
2003-06-04,1634.65,154.40891701695557
2003-06-03,1603.56,151.47215793699522
2003-06-02,1590.75,150.26212629292021
2003-05-30,1595.91,150.74953950786377
2003-05-29,1574.95,148.76965947196902
2003-05-28,1563.24,147.66353374580834
2003-05-27,1556.69,147.0448212345912
2003-05-23,1510.09,142.64298871203889
2003-05-22,1507.55,142.4030605015822
2003-05-21,1489.87,140.73300902092285
2003-05-20,1491.09,140.8482501298824
2003-05-19,1492.77,141.00694280451518
2003-05-16,1538.53,145.32942898975108
2003-05-15,1551.38,146.54323903084116
2003-05-14,1534.9,144.98653946063382
2003-05-13,1539.68,145.43805790393424
2003-05-12,1541.4,145.6005289755821
2003-05-09,1520.15,143.59325556132808
2003-05-08,1489.69,140.71600623435506
2003-05-07,1506.76,142.32843716053463
2003-05-06,1523.71,143.929532895669
2003-05-05,1504.04,142.07150616351012
2003-05-02,1502.88,141.9619326500732
2003-05-01,1472.56,139.0979077126529
2003-04-30,1464.31,138.31861332829544
2003-04-29,1471.3,138.9788882066783
2003-04-28,1462.24,138.12308128276578
2003-04-25,1434.54,135.5065413498323
2003-04-24,1457.23,137.6498370566287
2003-04-23,1466.16,138.4933641902423
2003-04-22,1451.36,137.0953572946677
2003-04-21,1424.37,134.54588390875168
2003-04-17,1425.5,134.65262362442732
2003-04-16,1394.72,131.74514712133376
2003-04-15,1391.01,131.39470079818636
2003-04-14,1384.95,130.82227365040382
2003-04-11,1358.85,128.356869598073
2003-04-10,1365.61,128.9954186936192
2003-04-09,1356.74,128.15755915552828
2003-04-08,1382.94,130.63240920039672
2003-04-07,1389.51,131.25301091012136
2003-04-04,1383.51,130.6862513578614
2003-04-03,1396.58,131.92084258253433
2003-04-02,1396.72,131.9340669720871
2003-04-01,1348.3,127.36031738534925
2003-03-31,1341.17,126.6868181174137
2003-03-28,1369.6,129.3723137958721
2003-03-27,1384.25,130.75615170264015
2003-03-26,1387.45,131.05842346384546
2003-03-25,1391.01,131.39470079818636
2003-03-24,1369.78,129.38931658243987
2003-03-21,1421.84,134.30690029754874
2003-03-20,1402.77,132.50554952061586
2003-03-19,1397.07,131.9671279459689
2003-03-18,1400.55,132.29584848627968
2003-03-17,1392.27,131.51372030416096
2003-03-14,1340.33,126.60747178009728
2003-03-13,1340.77,126.64903414726301
2003-03-12,1279.24,120.8369149388372
2003-03-11,1271.47,120.10296131866056
2003-03-10,1278.37,120.75473480375949
2003-03-07,1305.29,123.29759599489915
2003-03-06,1302.89,123.07089217399519
2003-03-05,1314.4,124.15812591508053
2003-03-04,1307.77,123.53185660983326
2003-03-03,1320.29,124.71449487554904
2003-02-28,1337.52,126.34203938978888
2003-02-27,1323.94,125.05927360317384
2003-02-26,1303.68,123.14551551504273
2003-02-25,1328.98,125.53535162707222
2003-02-24,1322.38,124.91191611958628
2003-02-21,1349.02,127.42832853162045
2003-02-20,1331.23,125.74788645916968
2003-02-19,1334.32,126.03976762858355
2003-02-18,1346.54,127.19406791668632
2003-02-14,1310.17,123.75856043073725
2003-02-13,1277.44,120.6668870731592
2003-02-12,1278.97,120.81141075898549
2003-02-11,1295.46,122.3690549284466
2003-02-10,1296.68,122.48429603740611
2003-02-07,1282.47,121.1420204978038
2003-02-06,1301.73,122.96131866055823
2003-02-05,1301.5,122.93959287772162
2003-02-04,1306.15,123.37883153072309
2003-02-03,1323.79,125.04510461436733
2003-01-31,1320.91,124.77306002928256
2003-01-30,1322.35,124.90908232182494
2003-01-29,1358.06,128.28224625702543
2003-01-28,1342.18,126.7822226420441
2003-01-27,1325.27,125.1849053039248
2003-01-24,1342.14,126.77844424502905
2003-01-23,1388.27,131.1358806026543
2003-01-22,1359.48,128.4163793510603
2003-01-21,1364.25,128.86695319510696
2003-01-17,1376.19,129.99480470410427
2003-01-16,1423.75,134.48731875501818
2003-01-15,1438.8,135.90894063193687
2003-01-14,1460.99,138.00500637604495
2003-01-13,1446.04,136.59283049166388
2003-01-10,1447.72,136.7515231662967
2003-01-09,1438.46,135.87682425730884
2003-01-08,1401.07,132.34496764747553
2003-01-07,1431.57,135.22599537146365
2003-01-06,1421.32,134.2577811363529
2003-01-03,1387.08,131.02347329145607
2003-01-02,1384.85,130.81282765786614
2002-12-31,1335.51,126.15217493978179
2002-12-30,1339.54,126.53284843904973
2002-12-27,1348.31,127.36126198460302
2002-12-26,1367.89,129.21078732347803
2002-12-24,1372.47,129.6434137817031
2002-12-23,1381.69,130.5143342936759
2002-12-20,1363.05,128.75360128465496
2002-12-19,1354.1,127.90818495253387
2002-12-18,1361.51,128.60813299957493
2002-12-17,1392.05,131.4929391205781
2002-12-16,1400.33,132.2750673026968
2002-12-13,1362.42,128.69409153166768
2002-12-12,1399.55,132.201388560903
2002-12-11,1396.59,131.92178718178812
2002-12-10,1390.76,131.3710858168422
2002-12-09,1367.14,129.13994237944553
2002-12-06,1422.44,134.36357625277475
2002-12-05,1410.75,133.2593397251216
2002-12-04,1430.35,135.11075426250412
2002-12-03,1448.96,136.86865347376374
2002-12-02,1484.78,140.25220800075567
2002-11-29,1478.78,139.68544844849572
2002-11-27,1487.94,140.55070136494592
2002-11-26,1444.43,136.4407500118075
2002-11-25,1481.9,139.9801634156709
2002-11-22,1468.74,138.73707079771407
2002-11-21,1467.55,138.62466348651583
2002-11-20,1419.35,134.07169508336085
2002-11-19,1374.51,129.8361120294715
2002-11-18,1393.69,131.6478533981958
2002-11-15,1411.14,133.2961790960185
2002-11-14,1411.52,133.33207386766165
2002-11-13,1361.34,128.59207481226088
2002-11-12,1349.56,127.47933689132384
2002-11-11,1319.19,124.61058895763473
2002-11-08,1359.28,128.39748736598497
2002-11-07,1376.71,130.04392386530014
2002-11-06,1418.99,134.03768951022528
2002-11-05,1401.17,132.3544136400132
2002-11-04,1396.54,131.91706418551928
2002-11-01,1360.7,128.53162046001984
2002-10-31,1329.75,125.60808576961222
2002-10-30,1326.73,125.32281679497473
2002-10-29,1300.54,122.84891134936002
2002-10-28,1315.83,124.29320360836913
2002-10-25,1331.13,125.73844046663203
2002-10-24,1298.71,122.67604968592074
2002-10-23,1320.23,124.70882728002644
2002-10-22,1292.8,122.11779152694469
2002-10-21,1309.67,123.71133046804891
2002-10-18,1287.86,121.65115949558398
2002-10-17,1272.29,120.1804184574694
2002-10-16,1232.42,116.41430123270202
2002-10-15,1282.44,121.13918670004252
2002-10-14,1220.53,115.29117271997353
2002-10-11,1210.47,114.34090587068435
2002-10-10,1163.37,109.8918433854437
2002-10-09,1114.11,105.23874746138948
2002-10-08,1129.21,106.66509233457705
2002-10-07,1119.4,105.73844046663203
2002-10-04,1139.9,107.67486893685354
2002-10-03,1165.56,110.09871062201859
2002-10-02,1187.3,112.15226939970715
2002-10-01,1213.72,114.64790062815851
2002-09-30,1172.06,110.71270013696687
2002-09-27,1199.16,113.27256411467434
2002-09-26,1221.61,115.39318943938032
2002-09-25,1222.29,115.45742218863646
2002-09-24,1182.17,111.66768998252492
2002-09-23,1184.93,111.92839937656449
2002-09-20,1221.09,115.34407027818445
2002-09-19,1216.45,114.90577622443678
2002-09-18,1252.13,118.27610636187597
2002-09-17,1259.94,119.01383837906766
2002-09-16,1275.88,120.51952958957162
2002-09-13,1291.4,121.98554763141738
2002-09-12,1279.68,120.87847730600292
2002-09-11,1315.45,124.25730883672601
2002-09-10,1320.09,124.6956028904737
2002-09-09,1304.6,123.23241864638925
2002-09-06,1295.3,122.35394134038633
2002-09-05,1251.0,118.16936664620034
2002-09-04,1292.31,122.07150616351012
2002-09-03,1263.84,119.38223208803662
2002-08-30,1314.85,124.20063288150001
2002-08-29,1335.77,126.17673452037972
2002-08-28,1314.38,124.15623671657299
2002-08-27,1347.78,127.3111982241534
2002-08-26,1391.74,131.46365654371132
2002-08-23,1380.62,130.41326217352287
2002-08-22,1422.95,134.41175081471687
2002-08-21,1409.25,133.1176498370566
2002-08-20,1376.59,130.03258867425492
2002-08-19,1394.54,131.72814433476597
2002-08-16,1361.01,128.5609030368866
2002-08-15,1345.01,127.04954423086005
2002-08-14,1334.3,126.03787843007603
2002-08-13,1269.28,119.89609408208565
2002-08-12,1306.84,123.44400887923297
2002-08-09,1306.12,123.37599773296178
2002-08-08,1316.52,124.35838095687903
2002-08-07,1280.9,120.99371841496244
2002-08-06,1259.55,118.97699900817076
2002-08-05,1206.01,113.91961460350446
2002-08-02,1247.92,117.87843007604025
2002-08-01,1280.0,120.90870448212345
2002-07-31,1328.26,125.46734048080101
2002-07-30,1344.19,126.97208709205118
2002-07-29,1335.25,126.12761535918386
2002-07-26,1262.12,119.21976101638879
2002-07-25,1240.08,117.13786426108722
2002-07-24,1290.23,121.87502951872666
2002-07-23,1229.05,116.09597128418268
2002-07-22,1282.65,121.1590232843716
2002-07-19,1319.15,124.60681056061966
2002-07-18,1356.95,128.17739573985736
2002-07-17,1397.25,131.98413073253673
2002-07-16,1375.26,129.90695697350398
2002-07-15,1382.62,130.60218202427617
2002-07-12,1373.5,129.74070750484105
2002-07-11,1374.43,129.82855523544137
2002-07-10,1346.01,127.1440041562367
2002-07-09,1381.12,130.46049213621117
2002-07-08,1405.61,132.77381570868556
2002-07-05,1448.36,136.81197751853773
2002-07-03,1380.17,130.37075520710337
2002-07-02,1357.82,128.25957587493505
2002-07-01,1403.8,132.60284324375382
2002-06-28,1463.21,138.21470741038112
2002-06-27,1459.2,137.83592310962075
2002-06-26,1429.33,135.01440513861994
2002-06-25,1423.99,134.50998913710856
2002-06-24,1460.34,137.94360742455012
2002-06-21,1440.96,136.11297407075048
2002-06-20,1464.75,138.3601756954612
2002-06-19,1496.83,141.39045010154442
2002-06-18,1542.96,145.7478864591697
2002-06-17,1553.29,146.72365748831058
2002-06-14,1504.74,142.13762811127378
2002-06-13,1496.86,141.3932838993057
2002-06-12,1519.12,143.49596183819014
2002-06-11,1497.18,141.42351107542623
2002-06-10,1530.69,144.5888631747981
2002-06-07,1535.48,145.0413262173523
2002-06-06,1554.88,146.87384876965947
2002-06-05,1595.26,150.68814055636895
2002-06-04,1578.12,149.069097435413
2002-06-03,1562.56,147.5993009965522
2002-05-31,1615.73,152.62173522882915
2002-05-30,1631.92,154.15104142067727
2002-05-29,1624.39,153.43975818259105
2002-05-28,1652.17,156.0638549095546
2002-05-24,1661.49,156.94422141406508
2002-05-23,1697.63,160.35800311717753
2002-05-22,1673.45,158.07396212156993
2002-05-21,1664.18,157.1983186133283
2002-05-20,1701.59,160.7320644216691
2002-05-17,1741.39,164.49156945166013
2002-05-16,1730.44,163.45723326878573
2002-05-15,1725.56,162.9962688329476
2002-05-14,1719.05,162.38133471874556
2002-05-13,1652.54,156.09880508194396
2002-05-10,1600.85,151.21617153922446
2002-05-09,1650.49,155.90516223492182
2002-05-08,1696.29,160.2314268171728
2002-05-07,1573.82,148.66291975629338
2002-05-06,1578.48,149.1031030085486
2002-05-03,1613.03,152.36669343031218
2002-05-02,1644.82,155.36957445803617
2002-05-01,1677.53,158.45935861710666
2002-04-30,1688.23,159.47007981863692
2002-04-29,1656.93,156.5134841543475
2002-04-26,1663.89,157.17092523496905
2002-04-25,1713.7,161.87597411798043
2002-04-24,1713.34,161.84196854484483
2002-04-23,1730.29,163.4430642799792
2002-04-22,1758.68,166.12478156142257
2002-04-19,1796.83,169.72842771454208
2002-04-18,1802.43,170.25740329665138
2002-04-17,1810.67,171.03575308175505
2002-04-16,1816.79,171.6138478250602
2002-04-15,1753.78,165.66192792707693
2002-04-12,1756.19,165.88957634723468
2002-04-11,1725.24,162.9660416568271
2002-04-10,1767.07,166.91730033533273
2002-04-09,1742.57,164.60303216360458
2002-04-08,1785.87,168.6931469324139
2002-04-05,1770.03,167.19690171444762
2002-04-04,1789.75,169.05965144287535
2002-04-03,1784.35,168.54956784584138
2002-04-02,1804.4,170.44348934964341
2002-04-01,1862.62,175.94294620507247
2002-03-28,1845.35,174.31162329381758
2002-03-27,1826.75,172.55466868181173
2002-03-26,1824.17,172.31096207433995
2002-03-25,1812.49,171.20767014594057
2002-03-22,1851.39,174.8821612430926
2002-03-21,1868.83,176.52954234166154
2002-03-20,1832.87,173.13276342511688
2002-03-19,1880.87,177.6668398431965
2002-03-18,1877.06,177.30694752751143
2002-03-15,1868.3,176.47947858121188
2002-03-14,1854.14,175.14192603787842
2002-03-13,1862.03,175.88721484910025
2002-03-12,1897.12,179.2018136305672
2002-03-11,1929.49,182.25948141500967
2002-03-08,1929.67,182.27648420157746
2002-03-07,1881.63,177.73862938648278
2002-03-06,1890.4,178.56704293203606
2002-03-05,1866.29,176.28961413120481
2002-03-04,1859.32,175.6312284513295
2002-03-01,1802.74,170.28668587351814
2002-02-28,1731.49,163.5564161904312
2002-02-27,1751.88,165.48245406886127
2002-02-26,1766.86,166.8974637510036
2002-02-25,1769.88,167.18273272564116
2002-02-22,1724.54,162.89991970906343
2002-02-21,1716.24,162.11590232843716
2002-02-20,1775.57,167.72020970103432
2002-02-19,1750.61,165.3624899636329
2002-02-15,1805.2,170.51905728994473
2002-02-14,1843.37,174.12459264157178
2002-02-13,1859.16,175.61611486326925
2002-02-12,1834.21,173.2593397251216
2002-02-11,1846.66,174.435365796061
2002-02-08,1818.88,171.81126906909742
2002-02-07,1782.11,168.33797761299766
2002-02-06,1812.71,171.22845132952344
2002-02-05,1838.52,173.666462003495
2002-02-04,1855.53,175.27322533415196
2002-02-01,1911.24,180.53558777688562
2002-01-31,1934.03,182.68832947621968
2002-01-30,1913.44,180.7433996127143
2002-01-29,1892.99,178.81169413876162
2002-01-28,1943.91,183.62159353894108
2002-01-25,1937.7,183.03499740235205
2002-01-24,1942.58,183.4959618381901
2002-01-23,1922.38,181.58787134558162
2002-01-22,1882.57,177.82742171633683
2002-01-18,1930.34,182.3397723515798
2002-01-17,1985.82,187.58040901147686
2002-01-16,1944.44,183.67165729939072
2002-01-15,2000.91,189.00580928541066
2002-01-14,1990.74,188.04515184433004
2002-01-11,2022.46,191.04142067727764
2002-01-10,2047.24,193.38213762811125
2002-01-09,2044.89,193.16015680347613
2002-01-08,2055.74,194.18504699381282
2002-01-07,2037.1,192.42431398479192
2002-01-04,2059.38,194.52888112218392
2002-01-03,2044.27,193.1015916497426
2002-01-02,1979.25,186.95980730175222
2001-12-31,1950.4,184.23463845463561
2001-12-28,1987.26,187.71643130401924
2001-12-27,1976.42,186.69248571293627
2001-12-26,1960.7,185.2075756860152
2001-12-24,1944.48,183.6754356964058
2001-12-21,1945.83,183.80295659566426
2001-12-20,1918.54,181.22514523213525
2001-12-19,1982.89,187.30364143012326
2001-12-18,2004.76,189.3694799981108
2001-12-17,1987.45,187.7343786898408
2001-12-14,1953.17,184.49629244792897
2001-12-13,1946.51,183.86718934492038
2001-12-12,2011.38,189.99480470410427
2001-12-11,2001.93,189.10215840929484
2001-12-10,1992.12,188.1755065413498
2001-12-07,2021.26,190.92806876682567
2001-12-06,2054.27,194.04619090350917
2001-12-05,2046.84,193.3443536579606
2001-12-04,1963.1,185.43427950691918
2001-12-03,1904.9,179.9367118499976
2001-11-30,1930.58,182.3624427336702
2001-11-29,1933.26,182.61559533367966
2001-11-28,1887.97,178.33750531337077
2001-11-27,1935.97,182.87158173145042
2001-11-26,1941.23,183.36844093893166
2001-11-23,1903.2,179.7761299768573
2001-11-21,1875.05,177.11708307750436
2001-11-20,1880.51,177.63283427006093
2001-11-19,1934.42,182.7251688471166
2001-11-16,1898.58,179.33972512161714
2001-11-15,1900.57,179.5277003731167
2001-11-14,1903.19,179.77518537760355
2001-11-13,1892.11,178.72856940443015
2001-11-12,1840.13,173.81854248335142
2001-11-09,1828.48,172.71808435271333
2001-11-08,1827.77,172.65101780569591
2001-11-07,1837.53,173.5729466773721
2001-11-06,1835.08,173.34151986019927
2001-11-05,1793.65,169.42804515184434
2001-11-02,1745.73,164.90152552779483
2001-11-01,1746.3,164.95536768525952
2001-10-31,1690.2,159.65616587162893
2001-10-30,1667.41,157.5034241722949
2001-10-29,1699.52,160.5365323761394
2001-10-26,1768.96,167.0958295942946
2001-10-25,1775.47,167.71076370849667
2001-10-24,1731.54,163.56113918670005
2001-10-23,1704.44,161.00127520899258
2001-10-22,1708.08,161.34510933736362
2001-10-19,1671.31,157.87181788126387
2001-10-18,1652.72,156.11580786851178
2001-10-17,1646.34,155.51315354460868
2001-10-16,1722.07,162.66660369338305
2001-10-15,1696.31,160.23331601568034
2001-10-12,1703.4,160.90303688660086
2001-10-11,1701.47,160.7207292306239
2001-10-10,1626.26,153.61639824304538
2001-10-09,1570.19,148.3200302271761
2001-10-08,1605.95,151.69791715864545
2001-10-05,1605.3,151.6365182071506
2001-10-04,1597.31,150.8817834033911
2001-10-03,1580.81,149.3231946346762
2001-10-02,1492.33,140.96538043734944
2001-10-01,1480.46,139.8441411231285
2001-09-28,1498.8,141.57653615453643
2001-09-27,1460.71,137.97855759693948
2001-09-26,1464.04,138.29310914844376
2001-09-25,1501.64,141.84480234260616
2001-09-24,1499.4,141.63321210976244
2001-09-21,1423.19,134.43442119680725
2001-09-20,1470.93,138.94393803428895
2001-09-19,1527.8,144.31587399045952
2001-09-18,1555.08,146.89274075473477
2001-09-17,1579.55,149.20417512870162
2001-09-10,1695.38,160.14546828508006
2001-09-07,1687.7,159.4200160581873
2001-09-06,1705.64,161.11462711944458
2001-09-05,1759.01,166.15595333679684
2001-09-04,1770.78,167.26774665848012
2001-08-31,1805.43,170.54078307278135
2001-08-30,1791.68,169.2419590988523
2001-08-29,1843.17,174.10570065649645
2001-08-28,1864.98,176.1658716289614
2001-08-27,1912.41,180.64610588957635
2001-08-24,1916.8,181.06078496197986
2001-08-23,1842.97,174.08680867142115
2001-08-22,1860.01,175.6964057998394
2001-08-21,1831.3,172.98446134227552
2001-08-20,1881.35,177.7121806073773
2001-08-17,1867.01,176.35762527747602
2001-08-16,1930.32,182.33788315307228
2001-08-15,1918.89,181.2582062060171
2001-08-14,1964.53,185.5693572002078
2001-08-13,1982.25,187.2431870778822
2001-08-10,1956.47,184.80801020167192
2001-08-09,1963.32,185.45506069050205
2001-08-08,1966.36,185.74221886364708
2001-08-07,2027.79,191.54489207953526
2001-08-06,2034.26,192.15604779672222
2001-08-03,2066.33,195.18537760355167
2001-08-02,2087.38,197.17375903273035
2001-08-01,2068.38,195.37902045057385
2001-07-31,2027.13,191.48254852878665
2001-07-30,2017.84,190.60501582203747
2001-07-27,2029.07,191.66580078401736
2001-07-26,2022.96,191.08865063996598
2001-07-25,1984.32,187.4387191234119
2001-07-24,1959.24,185.06966419496527
2001-07-23,1988.56,187.8392292070089
2001-07-20,2029.37,191.69413876163034
2001-07-19,2046.59,193.3207386766164
2001-07-18,2016.17,190.44726774665847
2001-07-17,2067.32,195.27889292967458
2001-07-16,2029.12,191.6705237802862
2001-07-13,2084.79,196.92910782600478
2001-07-12,2075.74,196.074245501346
2001-07-11,1972.04,186.2787512397865
2001-07-10,1962.79,185.40499693005242
2001-07-09,2026.71,191.44287536012845
2001-07-06,2004.16,189.3128040428848
2001-07-05,2080.11,196.48703537524204
2001-07-03,2140.8,202.2198082463515
2001-07-02,2148.72,202.96793085533457
2001-06-29,2161.24,204.15056912105035
2001-06-28,2125.46,200.77079299107353
2001-06-27,2074.74,195.97978557596934
2001-06-26,2064.62,195.02385113115758
2001-06-25,2050.87,193.7250271572285
2001-06-22,2034.84,192.2108345534407
2001-06-21,2058.76,194.4703159684504
2001-06-20,2031.24,191.87077882208473
2001-06-19,1992.66,188.22651490105324
2001-06-18,1988.63,187.8458414017853
2001-06-15,2028.43,191.60534643177633
2001-06-14,2044.07,193.08269966466725
2001-06-13,2121.66,200.41184527464222
2001-06-12,2169.95,204.97331507108106
2001-06-11,2170.78,205.05171680914373
2001-06-08,2215.1,209.23818070183722
2001-06-07,2264.0,213.85727105275583
2001-06-06,2217.73,209.4866103055778
2001-06-05,2233.66,210.991356916828
2001-06-04,2155.93,203.64898691730028
2001-06-01,2149.44,203.0359420016058
2001-05-31,2110.49,199.3567279081849
2001-05-30,2084.5,196.90171444764556
2001-05-29,2175.54,205.5013460539366
2001-05-25,2251.03,212.63212582062062
2001-05-24,2282.02,215.55943890804326
2001-05-23,2243.48,211.9189533840268
2001-05-22,2313.85,218.5660983327823
2001-05-21,2305.59,217.7858593491711
2001-05-18,2198.88,207.70604071222783
2001-05-17,2193.68,207.21484910026916
2001-05-16,2166.44,204.64176073300902
2001-05-15,2085.58,197.00373116705236
2001-05-14,2081.92,196.6580078401738
2001-05-11,2107.43,199.06768053653235
2001-05-10,2128.86,201.0919567373542
2001-05-09,2156.63,203.715108865064
2001-05-08,2198.77,207.69565012043637
2001-05-07,2173.57,205.3152600009446
2001-05-04,2191.53,207.01176026070937
2001-05-03,2146.2,202.7298918433854
2001-05-02,2220.6,209.75771029140887
2001-05-01,2168.24,204.81178859868697
2001-04-30,2116.24,199.8998724791007
2001-04-27,2075.68,196.06857790582342
2001-04-26,2034.88,192.21461295045577
2001-04-25,2059.8,194.56855429084212
2001-04-24,2016.61,190.48883011382418
2001-04-23,2059.32,194.52321352666132
2001-04-20,2163.41,204.35554715911772
2001-04-19,2182.14,206.12478156142254
2001-04-18,2079.44,196.42374722523968
2001-04-17,1923.22,181.667217682898
2001-04-16,1909.57,180.37783970150662
2001-04-12,1961.43,185.27653143154018
2001-04-11,1898.95,179.3746752940065
2001-04-10,1852.03,174.94261559533365
2001-04-09,1745.71,164.8996363292873
2001-04-06,1720.36,162.50507722098897
2001-04-05,1785.0,168.61096679733623
2001-04-04,1638.8,154.80092570726868
2001-04-03,1673.0,158.0314551551504
2001-04-02,1782.97,168.4192131488216
2001-03-30,1840.26,173.8308222736504
2001-03-29,1820.57,171.97090634298397
2001-03-28,1854.13,175.14098143862466
2001-03-27,1972.26,186.29953242336936
2001-03-26,1918.49,181.22042223586644
2001-03-23,1928.68,182.18296887545458
2001-03-22,1897.7,179.2566003872857
2001-03-21,1830.23,172.8833892221225
2001-03-20,1857.44,175.4536437916214
2001-03-19,1951.18,184.30831719642939
2001-03-16,1890.91,178.61521749397818
2001-03-15,1940.71,183.31932177773578
2001-03-14,1972.09,186.28347423605533
2001-03-13,2014.78,190.3159684503849
2001-03-12,1923.38,181.6823312709583
2001-03-09,2052.78,193.90544561469795
2001-03-08,2168.73,204.85807396212158
2001-03-07,2223.92,210.07131724365937
2001-03-06,2204.43,208.2302932980683
2001-03-05,2142.92,202.42006328815
2001-03-02,2117.63,200.0311717753743
2001-03-01,2183.37,206.24096726963583
2001-02-28,2151.83,203.261701223256
2001-02-27,2207.82,208.55051244509517
2001-02-26,2308.5,218.06073773201717
2001-02-23,2262.51,213.71652576394467
2001-02-22,2244.96,212.05875407358428
2001-02-21,2268.94,214.32390308411655
2001-02-20,2318.35,218.99116799697725
2001-02-16,2425.38,229.1012138100411
2001-02-15,2552.91,241.14768809332637
2001-02-14,2491.4,235.33745808340808
2001-02-13,2427.72,229.32225003542243
2001-02-12,2489.66,235.1730978132527
2001-02-09,2470.97,233.40764180796293
2001-02-08,2562.06,242.0119964105228
2001-02-07,2607.82,246.33448259575874
2001-02-06,2664.49,251.687526566854
2001-02-05,2643.21,249.6774193548387
2001-02-02,2660.5,251.3106314646011
2001-02-01,2782.79,262.86213573891274
2001-01-31,2772.73,261.9118688896235
2001-01-30,2838.35,268.1103291928399
2001-01-29,2838.34,268.1093845935861
2001-01-26,2781.3,262.7213904501015
2001-01-25,2754.28,260.1690832664242
2001-01-24,2859.15,270.0750956406744
2001-01-23,2840.39,268.3030274406083
2001-01-22,2757.91,260.51197279554145
2001-01-19,2770.38,261.6898880649884
2001-01-18,2768.49,261.5113588060265
2001-01-17,2682.78,253.4151986019931
2001-01-16,2618.55,247.3480375950503
2001-01-12,2626.5,248.09899400179472
2001-01-11,2640.57,249.42804515184434
2001-01-10,2524.18,238.43385443725498
2001-01-09,2441.3,230.6050158220375
2001-01-08,2395.92,226.3184244084447
2001-01-05,2407.65,227.4264393331129
2001-01-04,2566.83,242.46257025456947
2001-01-03,2616.69,247.1723421338497
2001-01-02,2291.86,216.48892457374959
2000-12-29,2470.52,233.36513484154344
2000-12-28,2557.76,241.6058187314032
2000-12-27,2539.35,239.8668115052189
2000-12-26,2493.52,235.5377131252066
2000-12-22,2517.02,237.7575213715581
2000-12-21,2340.12,221.04756057242713
2000-12-20,2332.78,220.35422472016245
2000-12-19,2511.71,237.25593916780804
2000-12-18,2624.52,247.91196334954893
2000-12-15,2653.27,250.62768620412788
2000-12-14,2728.51,257.73485098946776
2000-12-13,2822.77,266.63864355547156
2000-12-12,2931.77,276.9347754215274
2000-12-11,3015.1,284.8061210031644
2000-12-08,2917.43,275.58022009162613
2000-12-07,2752.66,260.016058187314
2000-12-06,2796.5,264.15718131582673
2000-12-05,2889.8,272.970292353469
2000-12-04,2615.75,247.08354980399565
2000-12-01,2645.29,249.87389599962216
2000-11-30,2597.93,245.40027393378355
2000-11-29,2706.93,255.6964057998394
2000-11-28,2734.98,258.34600670665463
2000-11-27,2880.49,272.0908704482123
2000-11-24,2904.38,274.3475180654607
2000-11-22,2755.34,260.26921078732346
2000-11-21,2871.45,271.2369527228073
2000-11-20,2875.64,271.6327398101355
2000-11-17,3027.19,285.9481415009682
2000-11-16,3031.88,286.3911585509847
2000-11-15,3165.49,299.0119491805601
2000-11-14,3138.27,296.44075001180744
2000-11-13,2966.72,280.2361498134416
2000-11-10,3028.99,286.11816936664616
2000-11-09,3200.35,302.30482217919047
2000-11-08,3231.7,305.2661408397487
2000-11-07,3415.79,322.65526850233783
2000-11-06,3416.21,322.69494167099606
2000-11-03,3451.58,326.03598923156846
2000-11-02,3429.02,323.90497331507106
2000-11-01,3333.39,314.8717706513012
2000-10-31,3369.63,318.2949983469513
2000-10-30,3191.4,301.4594058470694
2000-10-27,3278.36,309.67364095782364
2000-10-26,3272.18,309.08987861899584
2000-10-25,3229.57,305.06494119869643
2000-10-24,3419.79,323.0331082038445
2000-10-23,3468.69,327.6521985547631
2000-10-20,3483.14,329.0171444764558
2000-10-19,3418.6,322.92070089264627
2000-10-18,3171.56,299.58532092759646
2000-10-17,3213.96,303.5904217635668
2000-10-16,3290.28,310.7996032683134
2000-10-13,3316.77,313.3018466915411
2000-10-12,3074.68,290.43404335710574
2000-10-11,3168.49,299.29532895669007
2000-10-10,3240.54,306.10116658007837
2000-10-09,3355.56,316.9659471969017
2000-10-06,3361.01,317.4807537902045
2000-10-05,3472.1,327.9743069002975
2000-10-04,3523.1,332.79176309450713
2000-10-03,3455.83,326.43744391441925
2000-10-02,3568.9,337.1180276767581
2000-09-29,3672.82,346.9343031219005
2000-09-28,3778.32,356.899825249138
2000-09-27,3656.3,345.3738251546781
2000-09-26,3689.1,348.4721107070325
2000-09-25,3741.22,353.39536201766396
2000-09-22,3803.76,359.30288575072024
2000-09-21,3828.87,361.6747744769281
2000-09-20,3897.44,368.15189156000565
2000-09-19,3865.64,365.14806593302785
2000-09-18,3726.52,352.0068011146271
2000-09-15,3835.23,362.2755396023237
2000-09-14,3913.86,369.7029235346904
2000-09-13,3893.89,367.8165588249185
2000-09-12,3849.51,363.62442733670235
2000-09-11,3896.35,368.0489302413451
2000-09-08,3978.41,375.8003117177537
2000-09-07,4098.35,387.1298351674302
2000-09-06,4013.34,379.0997969111604
2000-09-05,4143.18,391.3644736220658
2000-09-01,4234.33,399.97449582014826
2000-08-31,4206.35,397.3315071081094
2000-08-30,4103.81,387.64558635998674
2000-08-29,4082.17,385.60147357483584
2000-08-28,4070.59,384.50762763897416
2000-08-25,4042.68,381.87125112171157
2000-08-24,4053.28,382.8725263307042
2000-08-23,4011.01,378.87970528503286
2000-08-22,3958.21,373.8922212251452
2000-08-21,3953.15,373.4142540027393
2000-08-18,3930.34,371.25962310489774
2000-08-17,3940.87,372.2542861191139
2000-08-16,3861.2,364.7286638643555
2000-08-15,3851.66,363.8275161762622
2000-08-14,3849.69,363.6414301232702
2000-08-11,3789.47,357.95305341708774
2000-08-10,3759.99,355.1683748169838
2000-08-09,3853.5,364.00132243895524
2000-08-08,3848.55,363.53374580834077
2000-08-07,3862.99,364.8977471307797
2000-08-04,3787.36,357.75374297454306
2000-08-03,3759.88,355.1579842251924
2000-08-02,3658.46,345.5778585934917
2000-08-01,3685.52,348.1339441741841
2000-07-31,3766.99,355.82959429462045
2000-07-28,3663.0,346.0067066547017
2000-07-27,3842.23,362.93675907996027
2000-07-26,3987.72,376.67973362301035
2000-07-25,4029.57,380.6328815000236
2000-07-24,3981.57,376.09880508194396
2000-07-21,4094.45,386.7614414584612
2000-07-20,4184.56,395.273225334152
2000-07-19,4055.63,383.09450715533933
2000-07-18,4177.17,394.5751664856184
2000-07-17,4274.67,403.7850092098427
2000-07-14,4246.18,401.09384593586174
2000-07-13,4174.86,394.3569640579983
2000-07-12,4099.59,387.24696547489725
2000-07-11,3956.42,373.723137958721
2000-07-10,3980.29,375.97789637746183
2000-07-07,4023.2,380.0311717753742
2000-07-06,3960.57,374.11514664903416
2000-07-05,3863.1,364.90813772257115
2000-07-03,3991.93,377.0774099088461
2000-06-30,3966.11,374.6384546356208
2000-06-29,3877.23,366.2428564681433
2000-06-28,3940.34,372.2042223586643
2000-06-27,3858.96,364.5170736315118
2000-06-26,3912.12,369.53856326453496
2000-06-23,3845.34,363.2305294478817
2000-06-22,3936.84,371.87361261984597
2000-06-21,4064.01,383.88608132999576
2000-06-20,4013.36,379.101686109668
2000-06-19,3989.83,376.87904406555515
2000-06-16,3860.56,364.66820951211446
2000-06-15,3845.74,363.26831341803233
2000-06-14,3797.41,358.70306522457844
2000-06-13,3851.06,363.77084022103617
2000-06-12,3767.91,355.916497425967
2000-06-09,3874.84,366.01709724649317
2000-06-08,3825.56,361.3621121239314
2000-06-07,3839.26,362.6562131015916
2000-06-06,3756.37,354.82642988712036
2000-06-05,3821.76,361.0031644075001
2000-06-02,3813.38,360.21159023284366
2000-06-01,3582.5,338.40268266188065
2000-05-31,3400.91,321.2497048127331
2000-05-30,3459.48,326.7822226420441
2000-05-26,3205.11,302.75445142398337
2000-05-25,3205.35,302.77712180607375
2000-05-24,3270.61,308.9415765361545
2000-05-23,3164.55,298.92315685070605
2000-05-22,3364.21,317.7830255514098
2000-05-19,3390.4,320.2569309970245
2000-05-18,3538.71,334.2662825296368
2000-05-17,3644.96,344.30264960090676
2000-05-16,3717.57,351.161384782506
2000-05-15,3607.65,340.77834978510367
2000-05-12,3529.06,333.354744249752
2000-05-11,3499.58,330.5700656496481
2000-05-10,3384.73,319.7213432201388
2000-05-09,3585.01,338.6397770745761
2000-05-08,3669.38,346.6093609786048
2000-05-05,3816.82,360.5365323761394
2000-05-04,3720.24,351.41359278326166
2000-05-03,3707.31,350.19222594814147
2000-05-02,3785.45,357.57332451707356
2000-05-01,3958.08,373.8799414348462
2000-04-28,3860.66,364.67765550465214
2000-04-27,3774.03,356.4945921692722
2000-04-26,3630.09,342.8980305105559
2000-04-25,3711.23,350.562508855618
2000-04-24,3482.48,328.9548009257072
2000-04-20,3643.88,344.20063288150004
2000-04-19,3706.41,350.1072120153025
2000-04-18,3793.57,358.3403391111321
2000-04-17,3539.16,334.30878949605625
2000-04-14,3321.29,313.7288055542436
2000-04-13,3676.78,347.3083644263921
2000-04-12,3769.63,356.0789684976148
2000-04-11,4055.9,383.120011335191
2000-04-10,4188.2,395.61705946252295
2000-04-07,4446.45,420.0113351910452
2000-04-06,4267.56,403.1133991404147
2000-04-05,4169.22,393.82421007887405
2000-04-04,4148.89,391.9038397959666
2000-04-03,4223.68,398.96849761488687
2000-03-31,4572.83,431.9491805601473
2000-03-30,4457.89,421.09195673735417
2000-03-29,4644.67,438.7351815992065
2000-03-28,4833.89,456.6088886789779
2000-03-27,4958.56,468.385207575686
2000-03-24,4963.03,468.8074434421196
2000-03-23,4940.61,466.689651915175
2000-03-22,4864.75,459.5239219761016
2000-03-21,4711.68,445.0649411986965
2000-03-20,4610.0,435.4602559863977
2000-03-17,4798.13,453.2310017475086
2000-03-16,4717.39,445.60430737259713
2000-03-15,4582.62,432.87394322958477
2000-03-14,4706.63,444.5879185755443
2000-03-13,4907.24,463.53752420535585
2000-03-10,5048.62,476.8922684551079
2000-03-09,5046.86,476.7260189864449
2000-03-08,4897.17,462.5863127568129
2000-03-07,4847.84,457.92660463798234
2000-03-06,4904.85,463.31176498370564
2000-03-03,4914.79,464.2506966419496
2000-03-02,4754.51,449.11065980257877
2000-03-01,4784.08,451.9038397959665
2000-02-29,4696.69,443.6489869173003
2000-02-28,4577.85,432.42336938553814
2000-02-25,4590.5,433.61828744155287
2000-02-24,4617.65,436.1828744155291
2000-02-23,4550.33,429.8238322391724
2000-02-22,4382.12,413.9347281915647
2000-02-18,4411.74,416.73263118122134
2000-02-17,4548.92,429.69064374439137
2000-02-16,4427.65,418.2354885939639
2000-02-15,4420.77,417.58560430737265
2000-02-14,4418.55,417.3759032730364
2000-02-11,4395.45,415.1938789968355
2000-02-10,4485.63,423.7122750673027
2000-02-09,4363.24,412.1513248004534
2000-02-08,4427.54,418.22509800217256
2000-02-07,4321.77,408.2340716950834
2000-02-04,4244.14,400.9011476880933
2000-02-03,4210.98,397.7688565626032
2000-02-02,4073.96,384.8259575874935
2000-02-01,4051.98,382.7497284277145
2000-01-31,3940.35,372.20516695791804
2000-01-28,3887.07,367.1723421338497
2000-01-27,4039.56,381.5765361545364
2000-01-26,4069.91,384.443394889718
2000-01-25,4167.41,393.6532376139422
2000-01-24,4096.08,386.9154111368251
2000-01-21,4235.4,400.07556794030126
2000-01-20,4189.51,395.74080196476643
2000-01-19,4151.29,392.1305436168705
2000-01-18,4130.81,390.19600434515655
2000-01-14,4064.27,383.91064091059366
2000-01-13,3957.21,373.7977612997685
2000-01-12,3850.02,363.6726018986445
2000-01-11,3921.19,370.3953147877013
2000-01-10,4049.67,382.5315260000944
2000-01-07,3882.62,366.7519954659235
2000-01-06,3727.13,352.0644216691069
2000-01-05,3877.54,366.2721390450101
2000-01-04,3901.69,368.55334624285643
2000-01-03,4131.15,390.22812071978456
1999-12-31,4069.31,384.386718934492
1999-12-30,4036.87,381.3224389552732
1999-12-29,4041.46,381.7560100127521
1999-12-28,3972.11,375.20521418788076
1999-12-27,3975.38,375.51409814386244
1999-12-23,3969.44,374.9530061871251
1999-12-22,3937.3,371.9170641855193
1999-12-21,3911.15,369.44693713691964
1999-12-20,3783.87,357.42407783497845
1999-12-17,3753.06,354.51376753412364
1999-12-16,3715.06,350.9242903698106
1999-12-15,3621.95,342.12912671798983
1999-12-14,3571.66,337.3787370707977
1999-12-13,3658.15,345.54857601662496
1999-12-10,3620.23,341.966655646342
1999-12-09,3594.17,339.5050299910263
1999-12-08,3586.08,338.7408491947291
1999-12-07,3586.92,338.82019553204555
1999-12-06,3546.01,334.9558399848864
1999-12-03,3520.63,332.5584470788268
1999-12-02,3452.78,326.1493411420205
1999-12-01,3353.71,316.79119633495486
1999-11-30,3336.16,315.13342464459447
1999-11-29,3421.37,323.1823548859396
1999-11-26,3447.81,325.6798753128985
1999-11-24,3420.5,323.1001747508619
1999-11-23,3342.87,315.7672507438719
1999-11-22,3392.56,320.46096443583804
1999-11-19,3369.25,318.25910357530813
1999-11-18,3347.11,316.16776082746895
1999-11-17,3269.39,308.826335427195
1999-11-16,3295.52,311.29457327728704
1999-11-15,3219.54,304.11750814716856
1999-11-12,3221.15,304.269588627025
1999-11-11,3197.29,302.01577480753787
1999-11-10,3155.96,298.11174609172053
1999-11-09,3125.04,295.19104519907427
1999-11-08,3143.97,296.9791715864544
1999-11-05,3102.29,293.0420818967553
1999-11-04,3055.95,288.6648089548009
1999-11-03,3028.51,286.0728286024654
1999-11-02,2981.63,281.64454730080763
1999-11-01,2967.65,280.3239975440419
1999-10-29,2966.43,280.20875643508236
1999-10-28,2875.22,271.5930666414773
1999-10-27,2802.52,264.7258300665942
1999-10-26,2811.47,265.5712463987153
1999-10-25,2815.95,265.9944268644027
1999-10-22,2816.52,266.04826902186744
1999-10-21,2801.95,264.6719879091295
1999-10-20,2788.13,263.3665517404241
1999-10-19,2688.18,253.92528219902704
1999-10-18,2689.15,254.0169083266424
1999-10-15,2731.83,258.0484579417182
1999-10-14,2806.84,265.1338969442214
1999-10-13,2801.27,264.60775515987336
1999-10-12,2872.43,271.3295234496764
1999-10-11,2915.95,275.44041940206864
1999-10-08,2886.57,272.6651867945024
1999-10-07,2860.7,270.22150852500823
1999-10-06,2857.21,269.89184338544374
1999-10-05,2799.67,264.45661927927074
1999-10-04,2795.97,264.1071175553771
1999-10-01,2736.85,258.52264676710905
1999-09-30,2746.16,259.4020686723657
1999-09-29,2730.27,257.9011004581306
1999-09-28,2756.25,260.3551693194162
1999-09-27,2761.75,260.87469890898785
1999-09-24,2740.41,258.85892410144993
1999-09-23,2749.83,259.74873659849806
1999-09-22,2858.16,269.9815803145515
1999-09-21,2821.1,266.4808954800925
1999-09-20,2886.15,272.62551362584423
1999-09-17,2869.62,271.064091059368
1999-09-16,2806.72,265.12256175317617
1999-09-15,2814.17,265.8262881972323
1999-09-14,2868.29,270.9384593586171
1999-09-13,2844.77,268.7167619137581
1999-09-10,2887.06,272.711472157937
1999-09-09,2852.02,269.4015963727388
1999-09-08,2808.74,265.313370802437
1999-09-07,2837.26,268.00736787417935
1999-09-03,2843.11,268.5599584376328
1999-09-02,2734.24,258.2761063618759
1999-09-01,2750.8,259.8403627261134
1999-08-31,2739.35,258.75879658055067
1999-08-30,2712.69,256.24049497000897
1999-08-27,2758.9,260.60548812166434
1999-08-26,2774.62,262.0903981485854
1999-08-25,2805.6,265.0167666367543
1999-08-24,2752.37,259.98866480895475
1999-08-23,2719.57,256.89037925660034
1999-08-20,2648.33,250.1610541727672
1999-08-19,2621.43,247.62008218013506
1999-08-18,2657.73,251.04897747130778
1999-08-17,2671.22,252.32324186463887
1999-08-16,2645.28,249.8729514003684
1999-08-13,2637.81,249.16733575780472
1999-08-12,2549.49,240.8246351485382
1999-08-11,2564.98,242.28781939262265
1999-08-10,2490.11,235.21560477967222
1999-08-09,2518.98,237.94266282529634
1999-08-06,2547.97,240.68105606196565
1999-08-05,2565.83,242.3681103291928
1999-08-04,2540.0,239.9282104567137
1999-08-03,2587.99,244.46134227553955
1999-08-02,2623.63,247.82789401596372
1999-07-30,2638.49,249.23156850706084
1999-07-29,2640.01,249.3751475936334
1999-07-28,2705.84,255.59344448117884
1999-07-27,2679.33,253.0893118594436
1999-07-26,2619.19,247.40849194729134
1999-07-23,2692.4,254.32390308411655
1999-07-22,2684.44,253.57200207811835
1999-07-21,2761.77,260.87658810749537
1999-07-20,2732.18,258.0815189156
1999-07-19,2830.29,267.348982194304
1999-07-16,2864.48,270.57856704293204
1999-07-15,2839.37,268.2066783167241
1999-07-14,2818.13,266.20034950172385
1999-07-13,2778.23,262.4313984791952
1999-07-12,2790.44,263.5847541680442
1999-07-09,2793.07,263.8331837717848
1999-07-08,2771.86,261.8296887545459
1999-07-07,2743.04,259.1073537051905
1999-07-06,2736.78,258.51603457233267
1999-07-02,2741.02,258.9165446559297
1999-07-01,2706.18,255.6255608558069
1999-06-30,2686.12,253.7306947527511
1999-06-29,2642.11,249.57351343692434
1999-06-28,2602.44,245.82628819723232
1999-06-25,2552.65,241.12312851272847
1999-06-24,2553.99,241.24970481273317
1999-06-23,2598.12,245.41822131960512
1999-06-22,2580.26,243.73116705237803
1999-06-21,2630.28,248.4560525197185
1999-06-18,2563.44,242.14235110754262
1999-06-17,2544.15,240.32021914702688
1999-06-16,2517.83,237.83403391111318
1999-06-15,2414.67,228.08954800925707
1999-06-14,2398.31,226.5441836300949
1999-06-11,2447.88,231.2265621310159
1999-06-10,2484.62,234.69701978935436
1999-06-09,2519.35,237.9776129976857
1999-06-08,2474.56,233.74675294006516
1999-06-07,2524.21,238.43668823501628
1999-06-04,2478.34,234.10381145798894
1999-06-03,2403.32,227.017427856232
1999-06-02,2432.41,229.76526708543895
1999-06-01,2412.03,227.84017380626273
1999-05-28,2470.52,233.36513484154344
1999-05-27,2419.15,228.5127284749445
1999-05-26,2427.18,229.27124167571904
1999-05-25,2380.9,224.89963632928732
1999-05-24,2453.66,231.77254049969295
1999-05-21,2520.14,238.05223633873328
1999-05-20,2542.23,240.13885609030368
1999-05-19,2577.4,243.46101166580078
1999-05-18,2558.36,241.66249468662917
1999-05-17,2561.84,241.99121522693997
1999-05-14,2527.86,238.78146696264108
1999-05-13,2582.0,243.89552732253338
1999-05-12,2606.54,246.2135738912766
1999-05-11,2566.68,242.44840126576298
1999-05-10,2526.39,238.64261087233734
1999-05-07,2503.62,236.49175837151085
1999-05-06,2472.28,233.5313843102064
1999-05-05,2534.45,239.40395787087323
1999-05-04,2485.12,234.74424975204266
1999-05-03,2535.58,239.51069758654887
1999-04-30,2542.85,240.1974212440372
1999-04-29,2528.44,238.83625371935952
1999-04-28,2550.37,240.90775988286967
1999-04-27,2602.41,245.82345439947096
1999-04-26,2652.05,250.5124450951684
1999-04-23,2590.69,244.71638407405658
1999-04-22,2561.61,241.96948944410335
1999-04-21,2489.08,235.11831105653425
1999-04-20,2409.64,227.61441458461243
1999-04-19,2345.85,221.58881594483537
1999-04-16,2484.04,234.6422330326359
1999-04-15,2521.77,238.2062060170972
1999-04-14,2507.28,236.83748169838944
1999-04-13,2583.5,244.03721721059836
1999-04-12,2598.81,245.48339866811503
1999-04-09,2593.05,244.93930949794552
1999-04-08,2573.39,243.08222736504038
1999-04-07,2544.43,240.3466679261323
1999-04-06,2563.17,242.11684692769091
1999-04-05,2560.06,241.8230765597695
1999-04-01,2493.37,235.5235441364001
1999-03-31,2461.4,232.50366032210832
1999-03-30,2480.29,234.28800831247344
1999-03-29,2492.84,235.4734803759505
1999-03-26,2419.17,228.51461767345205
1999-03-25,2434.8,229.99102630708924
1999-03-24,2365.28,223.42417229490388
1999-03-23,2322.84,219.41529306191848
1999-03-22,2395.94,226.32031360695223
1999-03-19,2421.27,228.712983516743
1999-03-18,2462.96,232.65101780569591
1999-03-17,2428.97,229.44032494214323
1999-03-16,2439.27,230.41326217352287
1999-03-15,2431.44,229.67364095782364
1999-03-12,2381.53,224.95914608227457
1999-03-11,2412.25,227.86095498984557
1999-03-10,2406.0,227.27058045624142
1999-03-09,2392.94,226.03693383082225
1999-03-08,2397.62,226.479006281585
1999-03-05,2337.11,220.7632361970434
1999-03-04,2292.89,216.58621829688752
1999-03-03,2265.2,213.9706229632078
1999-03-02,2259.03,213.38780522363385
1999-03-01,2295.18,216.80253152600005
1999-02-26,2288.03,216.127143059557
1999-02-25,2326.82,219.79124356491758
1999-02-24,2339.38,220.97766022764839
1999-02-23,2376.35,224.46984366882344
1999-02-22,2342.01,221.22608983138906
1999-02-19,2283.6,215.70868559013837
1999-02-18,2260.55,213.53138431020636
1999-02-17,2248.91,212.43187077882206
1999-02-16,2313.87,218.56798753128982
1999-02-12,2321.89,219.32555613281065
1999-02-11,2405.55,227.22807348982195
1999-02-10,2309.5,218.15519765739384
1999-02-09,2310.79,218.27705096112973
1999-02-08,2404.92,227.16856373683464
1999-02-05,2373.62,224.21196807254518
1999-02-04,2410.07,227.65503235252442
1999-02-03,2493.41,235.52732253341517
1999-02-02,2463.42,232.6944693713692
1999-02-01,2510.09,237.10291408869784
1999-01-29,2505.89,236.70618240211584
1999-01-28,2477.34,234.00935153261227
1999-01-27,2407.14,227.3782647711708
1999-01-26,2433.41,229.85972701081562
1999-01-25,2369.31,223.8048457941718
1999-01-22,2338.88,220.93043026496008
1999-01-21,2344.72,221.48207622915973
1999-01-20,2415.49,228.1670051480659
1999-01-19,2408.17,227.47555849430876
1999-01-15,2348.2,221.8107967694705
1999-01-14,2276.82,215.06824729608462
1999-01-13,2316.81,218.84569971189723
1999-01-12,2320.75,219.21787181788125
1999-01-11,2384.59,225.24819345392717
1999-01-08,2344.41,221.45279365229297
1999-01-07,2326.09,219.7222878193926
1999-01-06,2320.86,219.22826240967268
1999-01-05,2251.27,212.654796202711
1999-01-04,2208.05,208.5722382279318
1998-12-31,2192.69,207.1213337741463
1998-12-30,2166.95,204.68993529495108
1998-12-29,2181.77,206.08983138903318
1998-12-28,2180.3,205.9509752987295
1998-12-24,2163.03,204.31965238747463
1998-12-23,2172.54,205.21796627780665
1998-12-22,2120.98,200.3476125253861
1998-12-21,2138.03,201.95815425305815
1998-12-18,2086.14,197.0566287252633
1998-12-17,2043.88,193.0647522788457
1998-12-16,2009.36,189.8039956548434
1998-12-15,2012.6,190.11004581306378
1998-12-14,1966.92,185.795116421858
1998-12-11,2029.31,191.68847116610777
1998-12-10,2015.96,190.42743116232936
1998-12-09,2050.42,193.68252019080904
1998-12-08,2034.75,192.20233316015677
1998-12-07,2040.64,192.75870212062532
1998-12-04,2003.16,189.21834411750814
1998-12-03,1954.33,184.60586596136588
1998-12-02,1995.2,188.46644311150993
1998-12-01,2003.75,189.27407547348037
1998-11-30,1949.54,184.15340291881168
1998-11-27,2016.44,190.47277192651018
1998-11-25,1985.21,187.5227884569971
1998-11-24,1965.88,185.6968780994663
1998-11-23,1977.42,186.78694563831294
1998-11-20,1928.21,182.13857271052754
1998-11-19,1919.68,181.33282954706465
1998-11-18,1897.44,179.23204080668776
1998-11-17,1878.52,177.44485901856135
1998-11-16,1861.68,175.85415387521843
1998-11-13,1847.99,174.56099749681195
1998-11-12,1851.06,174.8509894677183
1998-11-11,1862.11,175.89477164313038
1998-11-10,1865.62,176.22632598120245
1998-11-09,1861.05,175.79464412223112
1998-11-06,1856.56,175.37051905728993
1998-11-05,1837.1,173.53232890946012
1998-11-04,1823.57,172.25428611911394
1998-11-03,1788.43,168.93496434137816
1998-11-02,1800.91,170.11382421007886
1998-10-30,1771.39,167.3253672129599
1998-10-29,1757.19,165.98403627261135
1998-10-28,1737.35,164.10995135313843
1998-10-27,1717.63,162.24720162471073
1998-10-26,1724.98,162.94148207622914
1998-10-23,1693.86,160.0018891985075
1998-10-22,1702.64,160.8312473433146
1998-10-21,1674.75,158.19676002455955
1998-10-20,1639.19,154.83776507816557
1998-10-19,1648.73,155.73891276625892
1998-10-16,1620.95,153.1148160392953
1998-10-15,1611.01,152.17588438105133
1998-10-14,1540.97,145.55991120767013
1998-10-13,1509.45,142.58253435979785
1998-10-12,1546.08,146.04260142634487
1998-10-09,1492.49,140.9804940254097
1998-10-08,1419.12,134.04996930052425
1998-10-07,1462.61,138.15803145515514
1998-10-06,1510.89,142.71855665234023
1998-10-05,1536.69,145.15562272705805
1998-10-02,1614.98,152.55089028479668
1998-10-01,1612.33,152.30057148254852
1998-09-30,1693.84,160.0
1998-09-29,1734.05,163.79823359939545
1998-09-28,1739.22,164.28659141359276
1998-09-25,1743.59,164.69938128748876
1998-09-24,1720.34,162.50318802248145
1998-09-23,1760.27,166.27497284277143
1998-09-22,1697.8,160.37406130449153
1998-09-21,1680.43,158.73329240069899
1998-09-18,1663.77,157.15959004392386
1998-09-17,1646.25,155.5046521513248
1998-09-16,1689.91,159.6287724932697
1998-09-15,1678.11,158.51414537382513
1998-09-14,1665.69,157.34095310064703
1998-09-11,1641.64,155.0691918953384
1998-09-10,1585.33,149.75015349737873
1998-09-09,1624.55,153.4548717706513
1998-09-08,1660.86,156.88471166107774
1998-09-04,1566.52,147.97336230104378
1998-09-03,1571.86,148.4777783025551
1998-09-02,1592.85,150.4604921362112
1998-09-01,1575.09,148.78288386152173
1998-08-31,1499.25,141.61904312095592
1998-08-28,1639.68,154.88405044160015
1998-08-27,1686.41,159.29816275445143
1998-08-26,1768.13,167.017427856232
1998-08-25,1798.17,169.85500401454684
1998-08-24,1790.82,169.16072356302837
1998-08-21,1797.61,169.80210645633588
1998-08-20,1832.45,173.09309025645868
1998-08-19,1842.69,174.0603598923157
1998-08-18,1855.12,175.23449676474755
1998-08-17,1818.04,171.73192273178103
1998-08-14,1790.19,169.1012138100411
1998-08-13,1802.54,170.2677938884428
1998-08-12,1825.53,172.4394275728522
1998-08-11,1792.7,169.3383082227365
1998-08-10,1839.21,173.73163935200492
1998-08-07,1846.77,174.44575638785244
1998-08-06,1829.51,172.8153780758513
1998-08-05,1788.2,168.91323855854154
1998-08-04,1785.64,168.6714211495773
1998-08-03,1851.1,174.85476786473336
1998-07-31,1872.39,176.86581967600245
1998-07-30,1919.62,181.32716195154202
1998-07-29,1881.49,177.72540499693002
1998-07-28,1896.53,179.146082274595
1998-07-27,1933.26,182.61559533367966
1998-07-24,1930.99,182.40117130307465
1998-07-23,1935.22,182.80073678741792
1998-07-22,1969.75,186.06243801067396
1998-07-21,1979.14,186.9494167099608
1998-07-20,2014.25,190.26590468993527
1998-07-17,2008.76,189.74731969961744
1998-07-16,2000.56,188.97274831152882
1998-07-15,1994.54,188.40409956076132
1998-07-14,1968.41,185.93586171066926
1998-07-13,1965.53,185.66381712558447
1998-07-10,1943.04,183.5394134038634
1998-07-09,1939.82,183.23525244415055
1998-07-08,1935.39,182.81679497473195
1998-07-07,1908.11,180.2399282104567
1998-07-06,1909.47,180.36839370896897
1998-07-02,1894.0,178.90709866339205
1998-07-01,1914.46,180.8397487365985
1998-06-30,1894.74,178.97699900817076
1998-06-29,1891.08,178.63127568129218
1998-06-26,1869.53,176.5956642894252
1998-06-25,1863.25,176.00245595805976
1998-06-24,1877.76,177.3730694752751
1998-06-23,1844.57,174.2379445520238
1998-06-22,1805.82,170.57762244367825
1998-06-19,1781.29,168.2605204741888
1998-06-18,1772.7,167.44910971520332
1998-06-17,1776.4,167.79861143909696
1998-06-16,1753.12,165.59958437632832
1998-06-15,1715.75,162.06961696500258
1998-06-12,1745.05,164.83729277853868
1998-06-11,1749.75,165.281254427809
1998-06-10,1773.25,167.50106267416047
1998-06-09,1800.76,170.09965522127234
1998-06-08,1787.77,168.87262079062958
1998-06-05,1782.92,168.41449015255276
1998-06-04,1769.95,167.1893449204175
1998-06-03,1742.31,164.57847258300663
1998-06-02,1761.79,166.41855192934395
1998-06-01,1746.82,165.00448684645536
1998-05-29,1778.87,168.03192745477727
1998-05-28,1794.62,169.51967127945966
1998-05-27,1781.1,168.24257308836724
1998-05-26,1778.09,167.9582487129835
1998-05-22,1805.0,170.5001653048694
1998-05-21,1820.99,172.0105795116422
1998-05-20,1831.75,173.02696830869502
1998-05-19,1845.87,174.36074245501342
1998-05-18,1831.62,173.01468851839604
1998-05-15,1846.77,174.44575638785244
1998-05-14,1865.36,176.20176640060453
1998-05-13,1866.18,176.27922353941338
1998-05-12,1860.16,175.7105747886459
1998-05-11,1848.07,174.5685542908421
1998-05-08,1864.37,176.10825107448161
1998-05-07,1835.14,173.3471874557219
1998-05-06,1856.68,175.38185424833515
1998-05-05,1864.91,176.15925943418503
1998-05-04,1878.86,177.4769753931894
1998-05-01,1873.44,176.96500259764792
1998-04-30,1868.41,176.48986917300334
1998-04-29,1851.64,174.90577622443678
1998-04-28,1831.77,173.02885750720256
1998-04-27,1820.31,171.94634676238604
1998-04-24,1868.96,176.54182213196052
1998-04-23,1881.4,177.71690360364613
1998-04-22,1917.61,181.13729750153496
1998-04-21,1903.87,179.83941812685967
1998-04-20,1887.14,178.25910357530816
1998-04-17,1866.6,176.31889670807158
1998-04-16,1858.24,175.52921173192271
1998-04-15,1863.26,176.00340055731354
1998-04-14,1843.03,174.09247626694372
1998-04-13,1824.95,172.38464081613373
1998-04-09,1820.24,171.93973456760966
1998-04-08,1807.01,170.6900297548765
1998-04-07,1798.71,169.9060123742502
1998-04-06,1829.14,172.78042790346194
1998-04-03,1855.4,175.260945543853
1998-04-02,1852.96,175.03046332593397
1998-04-01,1847.66,174.52982572143767
1998-03-31,1835.68,173.3981958154253
1998-03-30,1818.7,171.79426628252963
1998-03-27,1823.62,172.25900911538275
1998-03-26,1828.54,172.72375194823596
1998-03-25,1824.51,172.34307844896801
1998-03-24,1812.44,171.20294714967176
1998-03-23,1792.51,169.32036083691492
1998-03-20,1789.16,169.00392008690312
1998-03-19,1799.98,170.02597647947857
1998-03-18,1788.28,168.92079535257164
1998-03-17,1779.3,168.07254522268926
1998-03-16,1788.18,168.911349360034
1998-03-13,1771.66,167.3508713928116
1998-03-12,1764.06,166.63297595994896
1998-03-11,1756.85,165.95191989798326
1998-03-10,1748.51,165.16412412034194
1998-03-09,1725.16,162.95848486279695
1998-03-06,1753.49,165.63453454871768
1998-03-05,1711.92,161.70783545080997
1998-03-04,1759.7,166.22113068530675
1998-03-03,1757.14,165.9793132763425
1998-03-02,1758.54,166.1115571718698
1998-02-27,1770.51,167.2422424786284
1998-02-26,1777.11,167.86567798611435
1998-02-25,1766.48,166.8615689793605
1998-02-24,1738.71,164.23841685165067
1998-02-23,1751.76,165.47111887781608
1998-02-20,1728.13,163.23903084116563
1998-02-19,1727.01,163.13323572474377
1998-02-18,1715.73,162.06772776649504
1998-02-17,1703.43,160.90587068436216
1998-02-13,1710.42,161.566145562745
1998-02-12,1714.34,161.9364284702215
1998-02-11,1708.55,161.38950550229063
1998-02-10,1709.04,161.43579086572518
1998-02-09,1690.43,159.67789165446558
1998-02-06,1694.35,160.04817456194206
1998-02-05,1676.9,158.3998488641194
1998-02-04,1680.44,158.73423699995277
1998-02-03,1666.34,157.40235205214185
1998-02-02,1652.89,156.1318660558258
1998-01-30,1619.36,152.9646247579464
1998-01-29,1619.49,152.9769045482454
1998-01-28,1610.82,152.15793699522976
1998-01-27,1578.9,149.14277617720683
1998-01-26,1561.46,147.49539507863787
1998-01-23,1575.93,148.86223019883812
1998-01-22,1576.51,148.9170169555566
1998-01-21,1587.92,149.99480470410427
1998-01-20,1590.14,150.20450573844047
1998-01-16,1562.88,147.62952817267274
1998-01-15,1547.06,146.135172153214
1998-01-14,1548.76,146.2957540263543
1998-01-13,1541.63,145.62225475841873
1998-01-12,1507.58,142.4058942993435
1998-01-09,1503.22,141.99404902470124
1998-01-08,1555.54,146.93619232040805
1998-01-07,1561.7,147.51806546072828
1998-01-06,1580.14,149.25990648467388
1998-01-05,1594.12,150.58045624143955
1998-01-02,1581.53,149.39120578094742
1997-12-31,1570.35,148.33514381523636
1997-12-30,1565.03,147.83261701223253
1997-12-29,1537.45,145.2274122703443
1997-12-26,1511.38,142.7648420157748
1997-12-24,1499.53,141.6454919000614
1997-12-23,1509.91,142.6259859254711
1997-12-22,1532.06,144.7182732725641
1997-12-19,1524.74,144.02682661880698
1997-12-18,1523.19,143.88041373447314
1997-12-17,1547.38,146.16539932933452
1997-12-16,1553.0,146.69626410995133
1997-12-15,1536.56,145.14334293675907
1997-12-12,1536.58,145.1452321352666
1997-12-11,1558.54,147.21957209653803
1997-12-10,1596.61,150.81566145562743
1997-12-09,1620.55,153.07703206914465
1997-12-08,1651.54,156.00434515656733
1997-12-05,1633.9,154.33807207292304
1997-12-04,1613.42,152.40353280120908
1997-12-03,1615.13,152.56505927360317
1997-12-02,1606.37,151.73759032730362
1997-12-01,1630.72,154.03768951022528
1997-11-28,1600.55,151.18783356161148
1997-11-26,1594.5,150.6163510130827
1997-11-25,1589.04,150.10059982052613
1997-11-24,1586.99,149.90695697350398
1997-11-21,1620.75,153.09592405421998
1997-11-20,1626.56,153.6447362206584
1997-11-19,1601.22,151.25112171161385
1997-11-18,1600.44,151.17744296982005
1997-11-17,1614.11,152.46871014971896
1997-11-14,1583.51,149.5782364331932
1997-11-13,1559.25,147.28663864355548
1997-11-12,1541.72,145.63075615170263
1997-11-11,1584.86,149.7057573324517
1997-11-10,1590.72,150.25929249515892
1997-11-07,1602.4,151.3625844235583
1997-11-06,1623.44,153.3500212534832
1997-11-05,1637.33,154.66206961696497
1997-11-04,1631.15,154.07830727813726
1997-11-03,1629.98,153.96778916544656
1997-10-31,1593.61,150.53228167949746
1997-10-30,1570.41,148.340811410759
1997-10-29,1602.75,151.39564539744012
1997-10-28,1603.02,151.42114957729183
1997-10-27,1535.09,145.00448684645536
1997-10-24,1650.92,155.9457800028338
1997-10-23,1671.25,157.86615028574127
1997-10-22,1708.08,161.34510933736362
1997-10-21,1712.54,161.7664006045435
1997-10-20,1685.45,159.20748122608984
1997-10-17,1666.85,157.45052661408397
1997-10-16,1699.66,160.54975676569214
1997-10-15,1723.37,162.78940159637273
1997-10-14,1732.79,163.67921409342085
1997-10-13,1742.12,164.56052519718506
1997-10-10,1739.03,164.2686440277712
1997-10-09,1745.85,164.91286071884002
1997-10-08,1741.77,164.52746422330324
1997-10-07,1737.27,164.1023945591083
1997-10-06,1721.91,162.6514901053228
1997-10-03,1715.87,162.08095215604777
1997-10-02,1702.41,160.80952156047798
1997-10-01,1690.3,159.6656118641666
1997-09-30,1685.69,159.23015160818022
1997-09-29,1694.98,160.1076843149294
1997-09-26,1682.24,158.90426486563075
1997-09-25,1678.89,158.58782411561893
1997-09-24,1687.41,159.39262267982807
1997-09-23,1697.36,160.33249893732582
1997-09-22,1689.45,159.58532092759646
1997-09-19,1680.36,158.72668020592263
1997-09-18,1670.02,157.74996457752798
1997-09-17,1666.47,157.41463184244085
1997-09-16,1668.6,157.61583148349308
1997-09-15,1634.92,154.43442119680725
1997-09-12,1649.33,155.79558872148488
1997-09-11,1639.86,154.9010532281679
1997-09-10,1639.25,154.84343267368817
1997-09-09,1656.22,156.44641760733006
1997-09-08,1645.35,155.4196382184858
1997-09-05,1635.77,154.5147121333774
1997-09-04,1624.63,153.46242856468143
1997-09-03,1618.24,152.85882964152458
1997-09-02,1618.09,152.84466065271806
1997-08-29,1587.32,149.93812874887826
1997-08-28,1581.32,149.3713691966183
1997-08-27,1595.54,150.71458933547441
1997-08-26,1591.3,150.31407925187736
1997-08-25,1601.57,151.28418268549567
1997-08-22,1598.69,151.0121381004109
1997-08-21,1607.36,151.8311056534265
1997-08-20,1628.7,153.84688046096443
1997-08-19,1600.71,151.20294714967176
1997-08-18,1569.52,148.25674207717375
1997-08-15,1562.03,147.54923723610256
1997-08-14,1586.69,149.87861899589097
1997-08-13,1583.4,149.5678458414018
1997-08-12,1576.24,148.89151277570488
1997-08-11,1586.74,149.8833419921598
1997-08-08,1598.52,150.99607991309685
1997-08-07,1624.18,153.4199215982619
1997-08-06,1630.44,154.0112407311198
1997-08-05,1621.53,153.16960279601378
1997-08-04,1605.45,151.65068719595712
1997-08-01,1594.33,150.60029282576866
1997-07-31,1593.81,150.5511736645728
1997-07-30,1588.05,150.00708449440324
1997-07-29,1572.32,148.52122986822837
1997-07-28,1563.53,147.69092712416756
1997-07-25,1569.58,148.26240967269635
1997-07-24,1569.13,148.21990270627686
1997-07-23,1567.65,148.0801020167194
1997-07-22,1563.86,147.72209889954183
1997-07-21,1536.23,145.11217116138477
1997-07-18,1547.99,146.2230198838143
1997-07-17,1568.85,148.1934539271714
1997-07-16,1580.63,149.30619184810843
1997-07-15,1542.11,145.66759552259953
1997-07-14,1523.88,143.94559108298304
1997-07-11,1502.62,141.93737306947526
1997-07-10,1490.93,140.8331365418221
1997-07-09,1486.63,140.4269588627025
1997-07-08,1485.1,140.2824351768762
1997-07-07,1470.74,138.92599064846738
1997-07-03,1467.61,138.63033108203842
1997-07-02,1455.61,137.49681197751852
1997-07-01,1438.25,135.85698767297973
1997-06-30,1442.07,136.21782458791856
1997-06-27,1438.15,135.84754168044208
1997-06-26,1436.38,135.6803476125254
1997-06-25,1446.24,136.61172247673923
1997-06-24,1452.43,137.19642941482076
1997-06-23,1434.32,135.48576016624943
1997-06-20,1447.1,136.69295801256317
1997-06-19,1447.14,136.69673640957822
1997-06-18,1432.43,135.3072309072876
1997-06-17,1443.11,136.31606291031028
1997-06-16,1431.95,135.2618901431068
1997-06-13,1423.03,134.41930760874698
1997-06-12,1411.32,133.3131818825863
1997-06-11,1407.85,132.98540594152928
1997-06-10,1401.69,132.40353280120908
1997-06-09,1412.04,133.3811930288575
1997-06-06,1404.84,132.70108156614555
1997-06-05,1390.05,131.30401926982475
1997-06-04,1379.67,130.32352524441507
1997-06-03,1384.91,130.81849525338876
1997-06-02,1404.79,132.6963585698767
1997-05-30,1400.32,132.27412270344306
1997-05-29,1403.04,132.53105370046757
1997-05-28,1410.18,133.20549756765692
1997-05-27,1409.21,133.11387144004158
1997-05-23,1389.72,131.27284749445047
1997-05-22,1372.6,129.65569357200206
1997-05-21,1373.75,129.76432248618522
1997-05-20,1363.88,128.8320030227176
1997-05-19,1341.24,126.69343031219005
1997-05-16,1340.73,126.64525575024794
1997-05-15,1353.58,127.85906579133801
1997-05-14,1335.55,126.15595333679686
1997-05-13,1333.59,125.97081188305859
1997-05-12,1344.19,126.97208709205118
1997-05-09,1335.05,126.10872337410852
1997-05-08,1330.83,125.71010248901902
1997-05-07,1322.91,124.9619798800359
1997-05-06,1328.3,125.47111887781608
1997-05-05,1339.24,126.50451046143671
1997-05-02,1305.33,123.30137439191422
1997-05-01,1270.5,120.01133519104519
1997-04-30,1260.76,119.09129551787655
1997-04-29,1242.63,117.37873707079771
1997-04-28,1217.03,114.96056298115522
1997-04-25,1209.29,114.22944315873988
1997-04-24,1228.1,116.00623435507484
1997-04-23,1227.14,115.91555282671327
1997-04-22,1212.74,114.55532990128935
1997-04-21,1203.95,113.72502715722854
1997-04-18,1222.57,115.48387096774194
1997-04-17,1217.07,114.96434137817029
1997-04-16,1210.27,114.32201388560901
1997-04-15,1212.88,114.56855429084212
1997-04-14,1216.41,114.90199782742172
1997-04-11,1206.9,114.00368393708969
1997-04-10,1235.77,116.73074198271382
1997-04-09,1249.43,118.02106456335899
1997-04-08,1257.37,118.77107637084964
1997-04-07,1251.35,118.20242762008215
1997-04-04,1236.73,116.82142351107542
1997-04-03,1213.76,114.65167902517356
1997-04-02,1201.0,113.4463703773674
1997-04-01,1216.93,114.95111698861757
1997-03-31,1221.7,115.40169083266423
1997-03-27,1249.51,118.02862135738911
1997-03-26,1269.08,119.87720209701031
1997-03-25,1248.06,117.89165446559295
1997-03-24,1242.64,117.37968167005148
1997-03-21,1254.07,118.45935861710669
1997-03-20,1259.26,118.94960562981154
1997-03-19,1249.29,118.00784017380626
1997-03-18,1269.34,119.90176167760826
1997-03-17,1279.43,120.85486232465877
1997-03-14,1292.97,122.13384971425872
1997-03-13,1293.28,122.16313229112548
1997-03-12,1304.13,123.18802248146224
1997-03-11,1316.76,124.38105133896944
1997-03-10,1322.72,124.94403249421433
1997-03-07,1311.8,123.9125301091012
1997-03-06,1315.43,124.25541963821848
1997-03-05,1329.09,125.54574221886364
1997-03-04,1317.37,124.4386718934492
1997-03-03,1311.18,123.85396495536769
1997-02-28,1309.0,123.64804231804656
1997-02-27,1312.66,123.99376564492515
1997-02-26,1340.55,126.62825296368014
1997-02-25,1347.69,127.3026968308695
1997-02-24,1345.08,127.05615642563642
1997-02-21,1334.32,126.03976762858355
1997-02-20,1347.4,127.27530345251029
1997-02-19,1365.58,128.99258489585793
1997-02-18,1365.79,129.01242148018702
1997-02-14,1367.19,129.14466537571434
1997-02-13,1370.81,129.48661030557784
1997-02-12,1358.96,128.36726018986445
1997-02-11,1331.51,125.77433523827514
1997-02-10,1335.34,126.13611675246774
1997-02-07,1357.71,128.24918528314362
1997-02-06,1346.4,127.18084352713362
1997-02-05,1348.44,127.373541774902
1997-02-04,1373.75,129.76432248618522
1997-02-03,1376.05,129.98158031455154
1997-01-31,1379.85,130.34052803098285
1997-01-30,1371.02,129.50644688990693
1997-01-29,1355.17,128.00925707268692
1997-01-28,1354.37,127.93368913238557
1997-01-27,1352.81,127.78633164879798
1997-01-24,1363.83,128.82728002644876
1997-01-23,1378.37,130.2007273414254
1997-01-22,1388.06,131.11604401832523
1997-01-21,1376.97,130.06848344589807
1997-01-20,1364.28,128.86978699286826
1997-01-17,1349.04,127.43021773012796
1997-01-16,1340.58,126.63108676144144
1997-01-15,1333.53,125.965144287536
1997-01-14,1346.36,127.17706513011852
1997-01-13,1330.91,125.71765928304916
1997-01-10,1332.02,125.82250980021725
1997-01-09,1326.2,125.2727530345251
1997-01-08,1320.35,124.72016247107163
1997-01-07,1327.73,125.4172767203514
1997-01-06,1316.4,124.34704576583384
1997-01-03,1310.68,123.80673499267935
1997-01-02,1280.7,120.9748264298871
1996-12-31,1291.03,121.95059745902799
1996-12-30,1287.75,121.64076890379256
1996-12-27,1291.38,121.98365843290983
1996-12-26,1294.57,122.28498559486137
1996-12-24,1287.63,121.62943371274737
1996-12-23,1279.52,120.86336371794263
1996-12-20,1288.56,121.71728144334763
1996-12-19,1295.86,122.40683889859724
1996-12-18,1285.38,121.41689888064988
1996-12-17,1266.32,119.61649270297075
1996-12-16,1260.98,119.1120767014594
1996-12-13,1284.91,121.37250271572285
1996-12-12,1298.33,122.6401549142776
1996-12-11,1309.12,123.65937750909175
1996-12-10,1312.55,123.98337505313368
1996-12-09,1316.27,124.33476597553488
1996-12-06,1287.68,121.63415670901621
1996-12-05,1300.12,122.80923818070181
1996-12-04,1297.02,122.51641241203419
1996-12-03,1300.37,122.83285316204598
1996-12-02,1299.82,122.78090020308883
1996-11-29,1292.61,122.09984414112311
1996-11-27,1287.32,121.60015113588058
1996-11-26,1281.2,121.02205639257544
1996-11-25,1280.37,120.9436546545128
1996-11-22,1274.36,120.37595050299907
1996-11-21,1258.08,118.83814291786707
1996-11-20,1264.94,119.48613800595096
1996-11-19,1262.62,119.26699097907712
1996-11-18,1254.57,118.50658857979501
1996-11-15,1261.8,119.18953384026824
1996-11-14,1270.36,119.99811080149246
1996-11-13,1260.72,119.08751712086148
1996-11-12,1256.53,118.69173003353326
1996-11-11,1262.67,119.27171397534595
1996-11-08,1257.51,118.78430076040239
1996-11-07,1254.14,118.46597081188305
1996-11-06,1245.49,117.64889245737496
1996-11-05,1229.07,116.0978604826902
1996-11-04,1220.48,115.28644972370472
1996-11-01,1221.78,115.40924762669435
1996-10-31,1221.51,115.38374344684266
1996-10-30,1206.23,113.94039578708733
1996-10-29,1203.05,113.64001322438955
1996-10-28,1215.89,114.85287866622585
1996-10-25,1222.6,115.48670476550322
1996-10-24,1227.0,115.90232843716053
1996-10-23,1227.88,115.985453171492
1996-10-22,1220.0,115.24110895952391
1996-10-21,1236.41,116.79119633495489
1996-10-18,1242.48,117.36456808199121
1996-10-17,1241.96,117.31544892079535
1996-10-16,1250.99,118.16842204694657
1996-10-15,1258.1,118.84003211637462
1996-10-14,1256.36,118.67567184621923
1996-10-11,1248.27,117.91149104992206
1996-10-10,1236.97,116.84409389316582
1996-10-09,1237.98,116.93949841779624
1996-10-08,1240.15,117.14447645586358
1996-10-07,1250.87,118.15708685590135
1996-10-04,1247.56,117.84442450290462
1996-10-03,1233.09,116.47758938270437
1996-10-02,1236.11,116.76285835734188
1996-10-01,1221.51,115.38374344684266
1996-09-30,1226.91,115.89382704387663
1996-09-27,1230.05,116.19043120955932
1996-09-26,1227.98,115.99489916402965
1996-09-25,1224.66,115.68129221177914
1996-09-24,1215.27,114.79431351249232
1996-09-23,1211.47,114.43536579606102
1996-09-20,1219.69,115.21182638265715
1996-09-19,1212.09,114.49393094979455
1996-09-18,1205.71,113.89127662589146
1996-09-17,1203.31,113.66457280498747
1996-09-16,1193.96,112.78137250271571
1996-09-13,1188.67,112.28167949747319
1996-09-12,1165.81,110.12232560336277
1996-09-11,1153.95,109.0020308883956
1996-09-10,1149.43,108.5750720256931
1996-09-09,1148.71,108.5070608794219
1996-09-06,1139.39,107.62669437491144
1996-09-05,1125.66,106.32975959948992
1996-09-04,1143.82,108.04515184433004
1996-09-03,1142.29,107.90062815850374
1996-08-30,1141.5,107.8260048174562
1996-08-29,1145.03,108.15944835403579
1996-08-28,1153.88,108.99541869361924
1996-08-27,1149.02,108.53634345628866
1996-08-26,1139.22,107.61063618759741
1996-08-23,1143.06,107.97336230104378
1996-08-22,1143.91,108.05365323761393
1996-08-21,1126.86,106.44311150994187
1996-08-20,1124.67,106.23624427336702
1996-08-19,1130.91,106.82567420771738
1996-08-16,1133.65,107.08449440324944
1996-08-15,1134.69,107.18273272564115
1996-08-14,1133.51,107.07127001369668
1996-08-13,1126.07,106.36848816889433
1996-08-12,1138.27,107.52089925848958
1996-08-09,1137.27,107.42643933311291
1996-08-08,1137.51,107.44910971520332
1996-08-07,1141.11,107.78916544655928
1996-08-06,1128.86,106.63203136069521
1996-08-05,1120.53,105.84518018230764
1996-08-02,1124.92,106.2598592547112
1996-08-01,1098.81,103.7935106031266
1996-07-31,1080.6,102.07339536201765
1996-07-30,1071.96,101.25726160676332
1996-07-29,1066.43,100.7348982194304
1996-07-26,1079.43,101.96287724932698
1996-07-25,1062.39,100.35328012090869
1996-07-24,1042.36,98.4612478156142
1996-07-23,1049.05,99.09318471638406
1996-07-22,1081.39,102.14801870306522
1996-07-19,1097.68,103.68677088745099
1996-07-18,1109.82,104.83351438152361
1996-07-17,1086.65,102.64487791054646
1996-07-16,1053.49,99.51258678505643
1996-07-15,1060.38,100.16341567090161
1996-07-12,1103.49,104.23558305388939
1996-07-11,1106.35,104.50573844046662
1996-07-10,1141.19,107.79672224058943
1996-07-09,1153.59,108.96802531525998
1996-07-08,1148.83,108.51839607046709
1996-07-05,1158.35,109.41765456005288
1996-07-03,1181.6,111.6138478250602
1996-07-02,1191.15,112.5159401124073
1996-07-01,1197.45,113.11103764228025
1996-06-28,1185.02,111.93690076984839
1996-06-27,1166.01,110.1412175884381
1996-06-26,1153.28,108.93874273839323
1996-06-25,1172.59,110.7627638974165
1996-06-24,1182.91,111.73759032730364
1996-06-21,1175.34,111.02252869220233
1996-06-20,1167.34,110.26684928918904
1996-06-19,1179.27,111.39375619893259
1996-06-18,1183.07,111.7527039153639
1996-06-17,1207.64,114.07358428186842
1996-06-14,1213.19,114.59783686770888
1996-06-13,1225.65,115.77480753790203
1996-06-12,1235.47,116.70240400510083
1996-06-11,1230.73,116.25466395881547
1996-06-10,1230.04,116.18948661030556
1996-06-07,1229.77,116.16398243045387
1996-06-06,1232.54,116.42563642374722
1996-06-05,1249.14,117.99367118499977
1996-06-04,1243.68,117.47791999244319
1996-06-03,1238.73,117.01034336182875
1996-05-31,1243.44,117.45524961035281
1996-05-30,1233.48,116.51442875360128
1996-05-29,1225.63,115.77291833939452
1996-05-28,1236.3,116.78080574316346
1996-05-24,1247.81,117.8680394842488
1996-05-23,1248.65,117.9473858215652
1996-05-22,1247.38,117.82742171633684
1996-05-21,1244.42,117.54782033722194
1996-05-20,1248.12,117.89732206111556
1996-05-17,1241.88,117.30789212676522
1996-05-16,1239.28,117.06229632078589
1996-05-15,1233.56,116.5219855476314
1996-05-14,1234.48,116.60888867897793
1996-05-13,1221.87,115.41774901997826
1996-05-10,1202.76,113.6126198460303
1996-05-09,1187.83,112.2023331601568
1996-05-08,1183.27,111.77159590043924
1996-05-07,1182.68,111.715864544467
1996-05-06,1186.3,112.05780947433051
1996-05-03,1184.6,111.89722760119018
1996-05-02,1178.26,111.29835167430218
1996-05-01,1199.66,113.31979407736267
1996-04-30,1190.52,112.45643035942001
1996-04-29,1188.2,112.23728333254617
1996-04-26,1186.89,112.11354083030274
1996-04-25,1184.17,111.85660983327823
1996-04-24,1176.83,111.16327398101353
1996-04-23,1166.76,110.21206253247058
1996-04-22,1153.5,108.9595239219761
1996-04-19,1138.7,107.56151702640156
1996-04-18,1136.3,107.33481320549755
1996-04-17,1120.87,105.87729655693569
1996-04-16,1124.91,106.25891465545743
1996-04-15,1110.44,104.89207953525717
1996-04-12,1100.94,103.9947102441789
1996-04-11,1097.14,103.6357625277476
1996-04-10,1105.29,104.40561091956737
1996-04-09,1109.15,104.77022623152128
1996-04-08,1105.66,104.44056109195674
1996-04-04,1118.21,105.6260331554338
1996-04-03,1115.86,105.40405233079863
1996-04-02,1111.3,104.97331507108107
1996-04-01,1106.57,104.52651962404948
1996-03-29,1101.38,104.03627261134464
1996-03-28,1094.84,103.41850469938127
1996-03-27,1093.88,103.3278231710197
1996-03-26,1088.33,102.80357058517922
1996-03-25,1087.09,102.68644027771217
1996-03-22,1102.23,104.11656354791478
1996-03-21,1099.79,103.88608132999573
1996-03-20,1101.83,104.07877957776412
1996-03-19,1112.5,105.08666698153309
1996-03-18,1114.42,105.26803003825627
1996-03-15,1099.59,103.8671893449204
1996-03-14,1091.07,103.06239078071127
1996-03-13,1088.64,102.832853162046
1996-03-12,1073.05,101.36022292542388
1996-03-11,1080.51,102.06489396873376
1996-03-08,1063.73,100.47985642091342
1996-03-07,1093.12,103.25603362773342
1996-03-06,1091.82,103.13323572474376
1996-03-05,1096.82,103.60553535162707
1996-03-04,1084.88,102.47768384262976
1996-03-01,1086.06,102.5891465545742
1996-02-29,1100.05,103.91064091059367
1996-02-28,1107.55,104.61909035091861
1996-02-27,1106.16,104.48779105464507
1996-02-26,1113.04,105.13767534123646
1996-02-23,1117.79,105.58635998677559
1996-02-22,1117.11,105.52212723751946
1996-02-21,1096.85,103.60836914938835
1996-02-20,1083.24,102.32276956501202
1996-02-16,1090.71,103.0283852075757
1996-02-15,1090.54,103.01232702026164
1996-02-14,1088.03,102.77523260756622
1996-02-13,1087.22,102.69872006801113
1996-02-12,1095.38,103.46951305908469
1996-02-09,1094.59,103.39488971803709
1996-02-08,1093.17,103.26075662400227
1996-02-07,1084.88,102.47768384262976
1996-02-06,1089.09,102.87536012846547
1996-02-05,1083.36,102.33410475605722
1996-02-02,1072.15,101.27520899258488
1996-02-01,1069.45,101.02016719406792
1996-01-31,1059.79,100.10768431492937
1996-01-30,1051.3,99.30571954848155
1996-01-29,1042.5,98.47447220516695
1996-01-26,1040.96,98.3290039200869
1996-01-25,1035.96,97.8567042932036
1996-01-24,1043.46,98.56515373352855
1996-01-23,1028.03,97.1076370849667
1996-01-22,1029.44,97.24082557974779
1996-01-19,1018.45,96.20271099985831
1996-01-18,1007.24,95.14381523638595
1996-01-17,998.3,94.29934350351861
1996-01-16,995.87,94.06980588485334
1996-01-15,988.57,93.38024842960374
1996-01-12,1008.23,95.23733056250884
1996-01-11,1011.1,95.50843054833986
1996-01-10,990.21,93.53516270722146
1996-01-09,998.82,94.34846266471449
1996-01-08,1032.37,97.51759316110137
1996-01-05,1033.47,97.62149907901572
1996-01-04,1029.81,97.27577575213714
1996-01-03,1046.26,98.8296415245832
1996-01-02,1058.65,100.0
